{
  "project_info": {
    "project_number": "641736495074",
    "project_id": "owners-app-aff39",
    "storage_bucket": "owners-app-aff39.appspot.com"
  },
  "client": [
    {
      "client_info": {
        "mobilesdk_app_id": "1:641736495074:android:adc1bd10d41ab0f750b3bb",
        "android_client_info": {
          "package_name": "com.winnebago.owners"
        }
      },
      "oauth_client": [
        {
          "client_id": "641736495074-4kborlhurn3bm19b9akmkou38kkd6rqp.apps.googleusercontent.com",
          "client_type": 1,
          "android_info": {
            "package_name": "com.winnebago.owners",
            "certificate_hash": "9341e56f485676066531e53651b16deb07daeca6"
          }
        },
        {
          "client_id": "641736495074-s9u53tp43kpmq94s55372oc9m6ncofsk.apps.googleusercontent.com",
          "client_type": 3
        }
      ],
      "api_key": [
        {
          "current_key": "AIzaSyCloEhYggPeFwwhPSTCC_Ni0sqsVZZU4P0"
        }
      ],
      "services": {
        "appinvite_service": {
          "other_platform_oauth_client": [
            {
              "client_id": "641736495074-s9u53tp43kpmq94s55372oc9m6ncofsk.apps.googleusercontent.com",
              "client_type": 3
            },
            {
              "client_id": "641736495074-n58g4eq3slprdi12psblb65tksosvusv.apps.googleusercontent.com",
              "client_type": 2,
              "ios_info": {
                "bundle_id": "com.winnebago.owners",
                "app_store_id": "1618984666"
              }
            }
          ]
        }
      }
    },
    {
      "client_info": {
        "mobilesdk_app_id": "1:641736495074:android:6ee2914dcd7b6d5f50b3bb",
        "android_client_info": {
          "package_name": "com.winnebago.owners.alpha"
        }
      },
      "oauth_client": [
        {
          "client_id": "641736495074-86bju7jn53gsh3aobr82r6ac74j7ss7l.apps.googleusercontent.com",
          "client_type": 1,
          "android_info": {
            "package_name": "com.winnebago.owners.alpha",
            "certificate_hash": "5e8f16062ea3cd2c4a0d547876baa6f38cabf625"
          }
        },
        {
          "client_id": "641736495074-s9u53tp43kpmq94s55372oc9m6ncofsk.apps.googleusercontent.com",
          "client_type": 3
        }
      ],
      "api_key": [
        {
          "current_key": "AIzaSyCloEhYggPeFwwhPSTCC_Ni0sqsVZZU4P0"
        }
      ],
      "services": {
        "appinvite_service": {
          "other_platform_oauth_client": [
            {
              "client_id": "641736495074-s9u53tp43kpmq94s55372oc9m6ncofsk.apps.googleusercontent.com",
              "client_type": 3
            },
            {
              "client_id": "641736495074-n58g4eq3slprdi12psblb65tksosvusv.apps.googleusercontent.com",
              "client_type": 2,
              "ios_info": {
                "bundle_id": "com.winnebago.owners",
                "app_store_id": "1618984666"
              }
            }
          ]
        }
      }
    },
    {
      "client_info": {
        "mobilesdk_app_id": "1:641736495074:android:1cebaf033e76abee50b3bb",
        "android_client_info": {
          "package_name": "com.winnebago.owners.debug"
        }
      },
      "oauth_client": [
        {
          "client_id": "641736495074-5g2itbea85ftgdrl1vmfqu0iqa97ttdn.apps.googleusercontent.com",
          "client_type": 1,
          "android_info": {
            "package_name": "com.winnebago.owners.debug",
            "certificate_hash": "5e8f16062ea3cd2c4a0d547876baa6f38cabf625"
          }
        },
        {
          "client_id": "641736495074-s9u53tp43kpmq94s55372oc9m6ncofsk.apps.googleusercontent.com",
          "client_type": 3
        }
      ],
      "api_key": [
        {
          "current_key": "AIzaSyCloEhYggPeFwwhPSTCC_Ni0sqsVZZU4P0"
        }
      ],
      "services": {
        "appinvite_service": {
          "other_platform_oauth_client": [
            {
              "client_id": "641736495074-s9u53tp43kpmq94s55372oc9m6ncofsk.apps.googleusercontent.com",
              "client_type": 3
            },
            {
              "client_id": "641736495074-n58g4eq3slprdi12psblb65tksosvusv.apps.googleusercontent.com",
              "client_type": 2,
              "ios_info": {
                "bundle_id": "com.winnebago.owners",
                "app_store_id": "1618984666"
              }
            }
          ]
        }
      }
    },
    {
      "client_info": {
        "mobilesdk_app_id": "1:641736495074:android:0a048cca601e4d2b50b3bb",
        "android_client_info": {
          "package_name": "com.winnebago.owners.mock"
        }
      },
      "oauth_client": [
        {
          "client_id": "641736495074-s9u53tp43kpmq94s55372oc9m6ncofsk.apps.googleusercontent.com",
          "client_type": 3
        }
      ],
      "api_key": [
        {
          "current_key": "AIzaSyCloEhYggPeFwwhPSTCC_Ni0sqsVZZU4P0"
        }
      ],
      "services": {
        "appinvite_service": {
          "other_platform_oauth_client": [
            {
              "client_id": "641736495074-s9u53tp43kpmq94s55372oc9m6ncofsk.apps.googleusercontent.com",
              "client_type": 3
            },
            {
              "client_id": "641736495074-n58g4eq3slprdi12psblb65tksosvusv.apps.googleusercontent.com",
              "client_type": 2,
              "ios_info": {
                "bundle_id": "com.winnebago.owners",
                "app_store_id": "1618984666"
              }
            }
          ]
        }
      }
    },
    {
      "client_info": {
        "mobilesdk_app_id": "1:641736495074:android:f7d72956f7648f1c50b3bb",
        "android_client_info": {
          "package_name": "com.winnebago.owners.qa"
        }
      },
      "oauth_client": [
        {
          "client_id": "641736495074-s9u53tp43kpmq94s55372oc9m6ncofsk.apps.googleusercontent.com",
          "client_type": 3
        }
      ],
      "api_key": [
        {
          "current_key": "AIzaSyCloEhYggPeFwwhPSTCC_Ni0sqsVZZU4P0"
        }
      ],
      "services": {
        "appinvite_service": {
          "other_platform_oauth_client": [
            {
              "client_id": "641736495074-s9u53tp43kpmq94s55372oc9m6ncofsk.apps.googleusercontent.com",
              "client_type": 3
            },
            {
              "client_id": "641736495074-n58g4eq3slprdi12psblb65tksosvusv.apps.googleusercontent.com",
              "client_type": 2,
              "ios_info": {
                "bundle_id": "com.winnebago.owners",
                "app_store_id": "1618984666"
              }
            }
          ]
        }
      }
    }
  ],
  "configuration_version": "1"
}