{
    "$schema": "http://json-schema.org/schema",
    "description": "routings are platform-side and will be used for templates",
    "properties": {
        "$schema": { "type": "string"},
        "id": {
            "description": "unique identifier including category and modifier",
            "type": "string"
        },
        "deviceType": {
            "description": "device Type - core if multiple device types, otherwise target device type",
            "type": "string",
            "default": "core"
        },
        "name": {
            "description": "name of component",
            "type": "string"
        },
        "description": {
            "description": "description",
            "type": "string"
        },
        "type": {
            "description": "type",
            "type": "string",
            "enum": ["componentType"]
        },
        "code": {
            "description": "component type code - used as componentType",
            "type": "string"
        },
        "category": {
            "description": "category - climate, energy, lighting, watersystems, vehicle, movables",
            "type": "string",
            "enum":["climate", "connectivity", "energy", "lighting", "watersystems", "vehicle", "movables", "system", "features"]
        },
        "attributes": {
            "description": "attributes defined via seriesModel - similar to schema properties",
            "type": "object"
        },
        "$meta": {
            "description": "componentType meta information, internal info only",
            "type": "object"
        },
        "properties": {
            "description": "properties",
            "type": "array",
            "items": {
                "type": "object",
                "properties": {
                    "id": {
                        "type": ["number", "null"],
                        "description": "id - internal event id"
                    },
                    "code": {
                        "type": "string",
                        "description": "code for property"
                    },
                    "description": {
                        "type": "string",
                        "description": "description "
                    },
                    "propertyType": {
                        "type": "string",
                        "description": "property type"
                    },
                    "required": {
                        "type": "boolean",
                        "description": "whether required"
                    },
                    "setting": {
                        "type": "boolean",
                        "description": "setting - if true, then settable and part of request schema"
                    },
                    "values": {
                        "type": "array",
                        "description": "allowed values"
                    },
                    "minimum": {
                        "type": "number",
                        "description": "minimum value"
                    },
                    "maximum": {
                        "type": "number",
                        "description": "maximum value"
                    },
                    "$meta": {
                        "type": "object",
                        "description": "property meta information, internal info only"
                    }
                },
                "required": ["id", "code", "propertyType"],
                "additionalProperties": false
            }
        },
        "schemas": {
            "type": "object",
            "description": "schemas - used to show how logic works for request and response schemas",
            "properties": {
                "request": {
                    "type": "object",
                    "description": "request schema"
                },
                "response": {
                    "type": "object",
                    "description": "response schema"
                }
            }
        }
    },
    "required": ["id", "deviceType", "name", "type", "code", "category", "attributes", "properties"],
    "additionalProperties": false
}
