{
    "0dffec51": {
        "Name": "LEVELING_JACK_STATUS",
        "Signals": [
            {"Name": "Jack Type", "Bits": 4, "Offset": 0},
            {"Name": "Number of jacks", "Bits": 4, "Offset": 4},
            {"Name": "Extension (Left rear)", "Bits": 2, "Offset": 8},
            {"Name": "Extension (Right Front)", "Bits": 2, "Offset": 10},
            {"Name": "Extension (Right Rear)", "Bits": 2, "Offset": 12},
            {"Name": "Extension (Left Front)", "Bits": 2, "Offset": 14}
        ]
    },
    "ffed": {
        "Name": "LEVELING_CONTROL_STATUS",
        "Signals": [
            {"Name": "Operating mode", "Bits": 8, "Offset": 0},
            {"Name": "Automatic Jack stabilization status", "Bits": 2, "Offset": 0},
            {"Name": "Air Leveling sleep mode", "Bits": 2, "Offset": 0},
            {"Name": "Air re-leveling mode", "Bits": 2, "Offset": 0},
            {"Name": "Excessive slope initial warning", "Bits": 2, "Offset": 0},
            {"Name": "Excessive slope final warning", "Bits": 2, "Offset": 0},
            {"Name": "Leveling system master warning", "Bits": 2, "Offset": 0},
            {"Name": "Jack Retracting -OR- Air Spring Dumping - Left rear", "Bits": 2, "Offset": 0},
            {"Name": "Jack Extending -OR- Air Spring Filling - Left rear", "Bits": 2, "Offset": 0},
            {"Name": "", "Bits": 2, "Offset": 0},
            {"Name": "", "Bits": 2, "Offset": 0},
            {"Name": "", "Bits": 2, "Offset": 0},
            {"Name": "", "Bits": 2, "Offset": 0},
            {"Name": "", "Bits": 2, "Offset": 0},
            {"Name": "", "Bits": 2, "Offset": 0},
            {"Name": "", "Bits": 2, "Offset": 0},
            {"Name": "", "Bits": 2, "Offset": 0},
            {"Name": "", "Bits": 2, "Offset": 0},
            {"Name": "", "Bits": 2, "Offset": 0},
            {"Name": "", "Bits": 2, "Offset": 0},
            {"Name": "", "Bits": 2, "Offset": 0},
            {"Name": "Park Brake", "Bits": 2, "Offset": 0},
            {"Name": "Ignition Key", "Bits": 2, "Offset": 0},
            {"Name": "Low Voltage", "Bits": 2, "Offset": 0},
            {"Name": "Other Lockout", "Bits": 2, "Offset": 0}
        ]
    },
    "1eadbeef": {
        "Name": "DEBUG_TESTING",
        "Signals": [
            {"Name": "Display ON/OFF", "Bits": 1, "Offset": 0}
        ]
    }
}