{
    "PRESETS": {
        "1": [
            {
                "id": 1,
                "onOff": 1,
                "brightness": 80,
                "rgb": "#ffd587"
            },
            {
                "id": 2, 
                "onOff": 1,
                "brightness": 80,
                "rgb": "#ffd587"
            },            {
                "id": 3, 
                "onOff": 0
            },
            {
                "id": 4, 
                "onOff": 0,
                "brightness": 80,
                "rgb": "#ffd587"
            },
            {
                "id": 5, 
                "onOff": 0,
                "brightness": 80,
                "rgb": "#ffd587"
            },
            {
                "id": 6, 
                "onOff": 0,
                "brightness": 80,
                "rgb": "#ffd587"
            },
            {
                "id": 7, 
                "onOff": 0,
                "brightness": 80,
                "rgb": "#ffd587"
            },
            {
                "id": 8, 
                "onOff": 0,
                "brightness": 50,
                "rgb": "#ffd587"
            },
            {
                "id": 9, 
                "onOff": 0
            },
            {
                "id": 10, 
                "onOff": 0
            }
        ],
        "2": [
            {
                "id": 1, 
                "onOff": 0,
                "rgb": "#FFFFFF"
            },
            {
                "id": 2, 
                "onOff": 1,
                "brightness": 10,
                "rgb": "#FFFFFF"
            },
            {
                "id": 3, 
                "onOff": 1
            },
            {
                "id": 4, 
                "onOff": 0,
                "brightness": 50,
                "rgb": "#FFFFFF"
            },
            {
                "id": 5, 
                "onOff": 0,
                "brightness": 50,
                "rgb": "#FFFFFF"
            },
            {
                "id": 6, 
                "onOff": 0,
                "brightness": 50,
                "rgb": "#FFFFFF"
            },
            {
                "id": 7, 
                "onOff": 0,
                "brightness": 50,
                "rgb": "#FFFFFF"
            },
            {
                "id": 8, 
                "onOff": 0,
                "brightness": 50,
                "rgb": "#FFFFFF"
            },
            {
                "id": 9, 
                "onOff": 1
            },
            {
                "id": 10, 
                "onOff": 1
            }
        ],
        "3": [
            {
                "id": 1, 
                "onOff": 1,
                "brightness": 100,
                "rgb": "#FFFFFF"
            },
            {
                "id": 2, 
                "onOff": 1,
                "brightness": 100,
                "rgb": "#FFFFFF"
            },
            {
                "id": 3, 
                "onOff": 1
            },
            {
                "id": 4, 
                "onOff": 1,
                "brightness": 100,
                "rgb": "#FFFFFF"
            },
            {
                "id": 5, 
                "onOff": 1,
                "brightness": 100,
                "rgb": "#FFFFFF"
            },
            {
                "id": 6, 
                "onOff": 1,
                "brightness": 100,
                "rgb": "#FFFFFF"
            },
            {
                "id": 7, 
                "onOff": 1,
                "brightness": 100,
                "rgb": "#FFFFFF"
            },
            {
                "id": 8, 
                "onOff": 1,
                "brightness": 100,
                "rgb": "#FFFFFF"
            },
            {
                "id": 9, 
                "onOff": 1
            },
            {
                "id": 10, 
                "onOff": 1
            }
        ]
    }
}
