{
  "schemas": {
    "lighting": {
      "RGBW": {
        "title": "RGBW",
        "type": "object",
        "properties": {
          "onOff": {
            "title": "Onoff",
            "description": "Sets a Zone off or on 0=Off, 1=On, for state responses a third type of -1 is possible for Unknown states e.g during init. A state of 2 might be used for future cases.",
            "minimum": -1,
            "maximum": 1,
            "type": "integer"
          },
          "brt": {
            "title": "Brt",
            "description": "The value for brightness between 0 and 100%",
            "minimum": 0,
            "maximum": 100,
            "type": "integer"
          },
          "rgb": {
            "title": "Rgb",
            "description": "RGB HTML string prefixed #, #RRGGBB",
            "type": "string"
          },
          "colorTemp": {
            "title": "Colortemp",
            "description": "Color temp in Kelvin",
            "minimum": 2000,
            "maximum": 10000,
            "type": "integer"
          }
        }
      },
      "SIMPLE_DIM": {
        "title": "SimpleDim",
        "type": "object",
        "properties": {
          "onOff": {
            "title": "Onoff",
            "description": "Sets a Zone off or on 0=Off, 1=On, for state responses a third type of -1 is possible for Unknown states e.g during init. A state of 2 might be used for future cases.",
            "minimum": -1,
            "maximum": 1,
            "type": "integer"
          },
          "brt": {
            "title": "Brt",
            "description": "The value for brightness between 0 and 100%",
            "minimum": 0,
            "maximum": 100,
            "type": "integer"
          }
        }
      },
      "SIMPLE_ONOFF": {
        "title": "SimpleOnOff",
        "type": "object",
        "properties": {
          "onOff": {
            "title": "Onoff",
            "description": "Sets a Zone off or on 0=Off, 1=On, for state responses a third type of -1 is possible for Unknown states e.g during init. A state of 2 might be used for future cases.",
            "minimum": -1,
            "maximum": 1,
            "type": "integer"
          }
        }
      },
      "LIGHTING_GROUP": {
        "title": "LightingGroupState",
        "type": "object",
        "properties": {
          "onOff": {
            "title": "Onoff",
            "description": "Lighting Group defines a permanent or temporary set of lights taht act together for presets, master toggles etc.",
            "default": 0,
            "minimum": 0,
            "maximum": 1,
            "type": "integer"
          },
          "name": {
            "title": "Name",
            "description": "Name this group has, such as Preset 1, Master, Smart Light, etc. might be changed by the user",
            "type": "string"
          }
        }
      }
    },
    "watersystems": {
      "SIMPLE_PUMP": {
        "title": "SIMPLE_PUMP_STATE",
        "type": "object",
        "properties": {
          "onOff": {
            "title": "Onoff",
            "description": "Current state of the pump, 0 off, 1 on, 2 future - auto mode",
            "default": 0,
            "type": "integer"
          }
        }
      },
      "SIMPLE_WATER_HEATER": {
        "title": "SIMPLE_WATER_HEATER_STATE",
        "type": "object",
        "properties": {
          "onOff": {
            "title": "Onoff",
            "description": "Current state of the water heater, 0 off, 1 on, 2 future use for auto mode",
            "default": 0,
            "type": "integer"
          }
        }
      },
      "SIMPLE_TANK": {
        "title": "SIMPLE_TANK_STATE",
        "type": "object",
        "properties": {
          "lvl": {
            "title": "Level",
            "description": "Level in %",
            "minimum": 0,
            "maximum": 100,
            "type": "number"
          },
          "cap": {
            "title": "Capacity",
            "description": "Capacity in the given unit",
            "type": "number"
          },
          "unit": {
            "title": "Capacityunit",
            "description": "Capacity unit",
            "default": "GALLONS",
            "type": "string"
          }
        },
        "required": [
          "lvl"
        ]
      }
    },
    "energy": {
      "SIMPLE_ONOFF": {
        "title": "SimpleOnOff",
        "type": "object",
        "properties": {
          "onOff": {
            "title": "Onoff",
            "description": "Off=0, On=1",
            "default": 0,
            "min": 0,
            "max": 2,
            "type": "integer"
          }
        }
      },
      "BMS_LITHIONICS": {
        "title": "BMSLithionics",
        "type": "object",
        "properties": {
          "stateOfCharge": {
            "title": "Stateofcharge",
            "type": "number"
          },
          "isCharging": {
            "title": "Ischarging",
            "type": "boolean"
          },
          "netPowerWatts": {
            "title": "Netpowerwatts",
            "type": "integer"
          },
          "timeTilleMinutes": {
            "title": "Timetilleminutes",
            "type": "integer"
          },
          "voltage": {
            "title": "Voltage",
            "type": "integer"
          },
          "current": {
            "title": "Current",
            "type": "integer"
          }
        },
        "required": [
          "stateOfCharge",
          "isCharging",
          "netPowerWatts",
          "timeTilleMinutes",
          "voltage",
          "current"
        ]
      },
      "SIMPLE_INVERTER_METERED": {
        "title": "SimpleInverterMeteredState",
        "type": "object",
        "properties": {
          "onOff": {
            "title": "Onoff",
            "type": "integer"
          },
          "maxContinuousPowerWatts": {
            "title": "Maxcontinuouspowerwatts",
            "type": "integer"
          },
          "currentLoad": {
            "title": "Currentload",
            "type": "integer"
          },
          "loadSheddingActive": {
            "title": "Loadsheddingactive",
            "type": "integer"
          }
        },
        "required": [
          "onOff",
          "maxContinuousPowerWatts",
          "currentLoad",
          "loadSheddingActive"
        ]
      },
      "SIMPLE_INPUT_SOLAR": {
        "title": "SimplePowerState",
        "type": "object",
        "properties": {
          "voltage": {
            "title": "Voltage",
            "type": "number"
          },
          "current": {
            "title": "Current",
            "type": "number"
          },
          "watts": {
            "title": "Watts",
            "type": "integer"
          },
          "active": {
            "title": "Active",
            "type": "boolean"
          }
        },
        "required": [
          "voltage",
          "current",
          "watts",
          "active"
        ]
      },
      "SOURCE_PRO_POWER": {
        "title": "SimplePowerState",
        "type": "object",
        "properties": {
          "voltage": {
            "title": "Voltage",
            "type": "number"
          },
          "current": {
            "title": "Current",
            "type": "number"
          },
          "watts": {
            "title": "Watts",
            "type": "integer"
          },
          "active": {
            "title": "Active",
            "type": "boolean"
          }
        },
        "required": [
          "voltage",
          "current",
          "watts",
          "active"
        ]
      },
      "SOURCE_EV_SHORE": {
        "title": "EVShoreState",
        "type": "object",
        "properties": {
          "voltage": {
            "title": "Voltage",
            "type": "number"
          },
          "current": {
            "title": "Current",
            "type": "number"
          },
          "watts": {
            "title": "Watts",
            "type": "integer"
          },
          "active": {
            "title": "Active",
            "type": "boolean"
          },
          "currentChargeLevel": {
            "title": "Currentchargelevel",
            "type": "string"
          },
          "setChargeLevel": {
            "title": "Setchargelevel",
            "type": "string"
          }
        },
        "required": [
          "voltage",
          "current",
          "watts",
          "active",
          "currentChargeLevel",
          "setChargeLevel"
        ]
      },
      "DC_CONSUMER": {
        "title": "Consumer",
        "type": "object",
        "properties": {
          "watts": {
            "title": "Watts",
            "type": "integer"
          },
          "voltage": {
            "title": "Voltage",
            "type": "integer"
          },
          "current": {
            "title": "Current",
            "type": "integer"
          },
          "runtimeMinutes": {
            "title": "Runtimeminutes",
            "type": "integer"
          },
          "accuracy": {
            "title": "Accuracy",
            "description": "Values can be FIXED, MEASURED and ESTIMATED",
            "default": "FIXED",
            "type": "string"
          }
        },
        "required": [
          "watts",
          "voltage",
          "current",
          "runtimeMinutes"
        ]
      },
      "AC_CONSUMER": {
        "title": "Consumer",
        "type": "object",
        "properties": {
          "watts": {
            "title": "Watts",
            "type": "integer"
          },
          "voltage": {
            "title": "Voltage",
            "type": "integer"
          },
          "current": {
            "title": "Current",
            "type": "integer"
          },
          "runtimeMinutes": {
            "title": "Runtimeminutes",
            "type": "integer"
          },
          "accuracy": {
            "title": "Accuracy",
            "description": "Values can be FIXED, MEASURED and ESTIMATED",
            "default": "FIXED",
            "type": "string"
          }
        },
        "required": [
          "watts",
          "voltage",
          "current",
          "runtimeMinutes"
        ]
      },
      "ENERGY_ZONE": null,
      "LITHIONICS_LI_ION": null
    },
    "climate": {
      "BASIC_HEATER": {
        "title": "BasicHeater",
        "type": "object",
        "properties": {
          "onOff": {
            "title": "Onoff",
            "type": "integer"
          }
        }
      },
      "AMBIENT_TEMP": {
        "title": "AmbientTempSensor",
        "type": "object",
        "properties": {
          "temperature": {
            "title": "Temperature",
            "type": "number"
          },
          "temp": {
            "title": "Temp",
            "type": "number"
          },
          "unit": {
            "title": "Unit",
            "type": "string"
          }
        },
        "required": [
          "unit"
        ]
      },
      "ADVANCED_FAN": {
        "title": "FanSetting",
        "type": "object",
        "properties": {
          "onOff": {
            "title": "Onoff",
            "type": "integer"
          },
          "fanSpd": {
            "$ref": "#/definitions/FanSpeedEnum"
          },
          "direction": {
            "$ref": "#/definitions/FanDirectionEnum"
          },
          "dome": {
            "title": "Dome",
            "type": "integer"
          },
          "rainSense": {
            "title": "Rainsense",
            "type": "integer"
          }
        },
        "definitions": {
          "FanSpeedEnum": {
            "title": "FanSpeedEnum",
            "description": "An enumeration.",
            "enum": [
              "OFF",
              "LOW",
              "MEDIUM",
              "HIGH"
            ],
            "type": "string"
          },
          "FanDirectionEnum": {
            "title": "FanDirectionEnum",
            "description": "An enumeration.",
            "enum": [
              "FAN_OUT",
              "FAN_IN"
            ],
            "type": "string"
          }
        }
      },
      "SIMPLE_AC": {
        "title": "PremierAC",
        "type": "object",
        "properties": {
          "fanSpd": {
            "$ref": "#/definitions/ACFanSpeedEnum"
          },
          "compressor": {
            "title": "Compressor",
            "type": "integer"
          }
        },
        "definitions": {
          "ACFanSpeedEnum": {
            "title": "ACFanSpeedEnum",
            "description": "An enumeration.",
            "enum": [
              "AUTO_OFF",
              "LOW",
              "HIGH"
            ],
            "type": "string"
          }
        }
      },
      "CLIMATE_ZONE": null,
      "ZONE_THERMOSTAT": {
        "title": "ZoneThermostat",
        "type": "object",
        "properties": {
          "onOff": {
            "title": "Onoff",
            "type": "integer"
          },
          "mode": {
            "description": "HVAC Operation Mode",
            "default": "AUTO",
            "allOf": [
              {
                "$ref": "#/definitions/HVACModeEnum"
              }
            ]
          },
          "setTempHeat": {
            "title": "Target Temp Heat",
            "description": "Temperature the heater shall maintain while in heat or auto mode",
            "default": 70,
            "type": "integer"
          },
          "setTempCool": {
            "title": "Target Temp Cool",
            "description": "Temperature the cooling system shall maintain while in cool or auto mode",
            "default": 80,
            "type": "integer"
          },
          "unit": {
            "description": "Temperature unit to use, defaults to Fahrenheit",
            "default": "F",
            "allOf": [
              {
                "$ref": "#/definitions/TempUnitEnum"
              }
            ]
          }
        },
        "definitions": {
          "HVACModeEnum": {
            "title": "HVACModeEnum",
            "description": "An enumeration.",
            "enum": [
              "AUTO",
              "HEAT",
              "COOL",
              "FAN_ONLY",
              "OFF",
              "STANDBY",
              "ERROR"
            ],
            "type": "string"
          },
          "TempUnitEnum": {
            "title": "TempUnitEnum",
            "description": "An enumeration.",
            "enum": [
              "F",
              "C"
            ],
            "type": "string"
          }
        }
      }
    }
  },
  "categories": {
    "lighting": [
      {
        "type": "SIMPLE_DIM",
        "name": "Front Bunk",
        "description": "Front Bunk Lights",
        "code": "lz",
        "state": {
          "path": "lighting.lz1",
          "overrideMappings": {}
        }
      },
      {
        "type": "SIMPLE_DIM",
        "name": "Front Bed",
        "description": "Front Bed Lights",
        "code": "lz",
        "state": {
          "path": "lighting.lz2",
          "overrideMappings": {}
        }
      },
      {
        "type": "SIMPLE_DIM",
        "name": "Rear Bed",
        "description": "",
        "code": "lz",
        "channel": "R",
        "state": {
          "path": "lighting.lz3",
          "overrideMappings": {}
        }
      },
      {
        "type": "SIMPLE_DIM",
        "name": "Galley Accent",
        "description": "",
        "code": "lz",
        "state": {
          "path": "lighting.lz4",
          "overrideMappings": {}
        }
      },
      {
        "type": "RGBW",
        "name": "Dinette",
        "description": "",
        "code": "lz",
        "state": {
          "path": "lighting.lz5",
          "overrideMappings": {}
        }
      },
      {
        "type": "RGBW",
        "name": "Bed",
        "description": "",
        "code": "lz",
        "state": {
          "path": "lighting.lz6",
          "overrideMappings": {}
        }
      },
      {
        "type": "RGBW",
        "name": "Floor",
        "description": "",
        "code": "lz",
        "catergory": "lighting",
        "state": {
          "path": "lighting.lz7",
          "overrideMappings": {}
        }
      },
      {
        "type": "RGBW",
        "name": "Accent",
        "description": "",
        "code": "lz",
        "catergory": "lighting",
        "state": {
          "path": "lighting.lz8",
          "overrideMappings": {}
        }
      },
      {
        "type": "SIMPLE_ONOFF",
        "code": "lz",
        "name": "Porch",
        "description": "Outside light 1",
        "state": {
          "path": "lighting.lz9",
          "overrideMappings": {}
        }
      },
      {
        "type": "SIMPLE_ONOFF",
        "code": "lz",
        "name": "Service",
        "description": "Outside light 2",
        "state": {
          "path": "lighting.lz10",
          "overrideMappings": {}
        }
      },
      {
        "instance": 0,
        "type": "LIGHTING_GROUP",
        "name": "Master",
        "subType": "LG_MASTER",
        "state": {
          "path": "lighting.lg0",
          "overrideMappings": {}
        }
      },
      {
        "instance": 1,
        "type": "LIGHTING_GROUP",
        "name": "Preset 1",
        "subType": "LG_PRESET",
        "state": {
          "path": "lighting.lg1",
          "overrideMappings": {}
        }
      },
      {
        "instance": 2,
        "type": "LIGHTING_GROUP",
        "name": "Preset 2",
        "subType": "LG_PRESET",
        "state": {
          "path": "lighting.lg2",
          "overrideMappings": {}
        }
      },
      {
        "instance": 3,
        "type": "LIGHTING_GROUP",
        "name": "Preset 3",
        "subType": "LG_PRESET",
        "state": {
          "path": "lighting.lg3",
          "overrideMappings": {}
        }
      }
    ]
  }
}
