[
    {
        "classId": 2,
        "seriesId": 3,
        "seriesDescription": "ACCESS",
        "name": "ACCESS"
    },
    {
        "classId": 2,
        "seriesId": 3,
        "seriesDescription": "ACCESS PREMIER",
        "name": "ACCESS PREMIER"
    },
    {
        "classId": 1,
        "seriesId": 16,
        "seriesDescription": "ADVENTURER",
        "name": "ADVENTURER"
    },
    {
        "classId": 1,
        "seriesId": 17,
        "seriesDescription": "ADVENTURER LIMITED",
        "name": "ADVENTURER LIMITED"
    },
    {
        "classId": 3,
        "seriesId": 8,
        "seriesDescription": "ASPECT",
        "name": "ASPECT"
    },
    {
        "classId": 2,
        "seriesId": 25,
        "seriesDescription": "BOLDT",
        "name": "BOLDT"
    },
    {
        "classId": 1,
        "seriesId": 11,
        "seriesDescription": "BRAVE",
        "name": "BRAVE"
    },
    {
        "classId": 1,
        "seriesId": 16,
        "seriesDescription": "BRAVE DL",
        "name": "BRAVE DL"
    },
    {
        "classId": 1,
        "seriesId": 16,
        "seriesDescription": "BRAVE SE",
        "name": "BRAVE SE"
    },
    {
        "classId": 1,
        "seriesId": 26,
        "seriesDescription": "BRISTOL BAY",
        "name": "BRISTOL BAY"
    },
    {
        "classId": 5,
        "seriesId": 26,
        "seriesDescription": "BRISTOL BAY FW",
        "name": "BRISTOL BAY"
    },
    {
        "classId": 1,
        "seriesId": 12,
        "seriesDescription": "BROOKSIDE",
        "name": "BROOKSIDE"
    },
    {
        "classId": 5,
        "seriesId": 12,
        "seriesDescription": "BROOKSIDE FW",
        "name": "BROOKSIDE"
    },
    {
        "classId": 3,
        "seriesId": 13,
        "seriesDescription": "C SERIES",
        "name": "C SERIES"
    },
    {
        "classId": 3,
        "seriesId": 5,
        "seriesDescription": "CAMBRIA",
        "name": "CAMBRIA"
    },
    {
        "classId": 1,
        "seriesId": 3,
        "seriesDescription": "CHALET",
        "name": "CHALET"
    },
    {
        "classId": 3,
        "seriesId": 14,
        "seriesDescription": "CHALET",
        "name": "CHALET"
    },
    {
        "classId": 1,
        "seriesId": 21,
        "seriesDescription": "CHIEFTAIN",
        "name": "CHIEFTAIN"
    },
    {
        "classId": 5,
        "seriesId": 24,
        "seriesDescription": "DESTINATION",
        "name": "DESTINATION"
    },
    {
        "classId": 1,
        "seriesId": 22,
        "seriesDescription": "DESTINATION",
        "name": "DESTINATION"
    },
    {
        "classId": 3,
        "seriesId": 7,
        "seriesDescription": "EKKO",
        "name": "EKKO"
    },
    {
        "classId": 1,
        "seriesId": 26,
        "seriesDescription": "ELLIPSE",
        "name": "ELLIPSE"
    },
    {
        "classId": 1,
        "seriesId": 26,
        "seriesDescription": "ELLIPSE ULTRA",
        "name": "ELLIPSE ULTRA"
    },
    {
        "classId": 2,
        "seriesId": 2,
        "seriesDescription": "ERA",
        "name": "ERA"
    },
    {
        "classId": 2,
        "seriesId": 2,
        "seriesDescription": "ERA LIMITED",
        "name": "ERA LIMITED"
    },
    {
        "classId": 2,
        "seriesId": 2,
        "seriesDescription": "ERA TOURING",
        "name": "ERA TOURING"
    },
    {
        "classId": 1,
        "seriesId": 21,
        "seriesDescription": "FORZA",
        "name": "FORZA"
    },
    {
        "classId": 3,
        "seriesId": 5,
        "seriesDescription": "FUSE",
        "name": "FUSE"
    },
    {
        "classId": 1,
        "seriesId": 26,
        "seriesDescription": "GRAND TOUR",
        "name": "GRAND TOUR"
    },
    {
        "classId": 1,
        "seriesId": 18,
        "seriesDescription": "HARMONY",
        "name": "HARMONY"
    },
    {
        "classId": 5,
        "seriesId": 18,
        "seriesDescription": "HARMONY FW",
        "name": "HARMONY"
    },
    {
        "classId": 4,
        "seriesId": 185,
        "seriesDescription": "HIKE100",
        "name": "HIKE 100"
    },
    {
        "classId": 4,
        "seriesId": 155,
        "seriesDescription": "HIKETT",
        "name": "HIKE"
    },
    {
        "classId": 1,
        "seriesId": 24,
        "seriesDescription": "HORIZON",
        "name": "HORIZON"
    },
    {
        "classId": 2,
        "seriesId": 3,
        "seriesDescription": "IMPULSE",
        "name": "IMPULSE"
    },
    {
        "classId": 2,
        "seriesId": 3,
        "seriesDescription": "IMPULSE SILVER",
        "name": "IMPULSE SILVER"
    },
    {
        "classId": 1,
        "seriesId": 32,
        "seriesDescription": "INSPIRE",
        "name": "INSPIRE"
    },
    {
        "classId": 2,
        "seriesId": 28,
        "seriesDescription": "INSTINCT",
        "name": "INSTINCT"
    },
    {
        "classId": 4,
        "seriesId": 156,
        "seriesDescription": "INSTINCT",
        "name": "INSTINCT"
    },
    {
        "classId": 1,
        "seriesId": 29,
        "seriesDescription": "INTENT",
        "name": "INTENT"
    },
    {
        "classId": 1,
        "seriesId": 23,
        "seriesDescription": "JOURNEY",
        "name": "JOURNEY"
    },
    {
        "classId": 1,
        "seriesId": 24,
        "seriesDescription": "JOURNEY DL",
        "name": "JOURNEY DL"
    },
    {
        "classId": 1,
        "seriesId": 24,
        "seriesDescription": "JOURNEY EXPRESS",
        "name": "JOURNEY EXPRESS"
    },
    {
        "classId": 1,
        "seriesId": 23,
        "seriesDescription": "LATITUDE",
        "name": "LATITUDE"
    },
    {
        "classId": 5,
        "seriesId": 22,
        "seriesDescription": "LATITUDE",
        "name": "LATITUDE"
    },
    {
        "classId": 5,
        "seriesId": 19,
        "seriesDescription": "LITE 5",
        "name": "LITE 5"
    },
    {
        "classId": 5,
        "seriesId": 19,
        "seriesDescription": "LITE FIVE",
        "name": "LITE FIVE"
    },
    {
        "classId": 2,
        "seriesId": 25,
        "seriesDescription": "LUXOR",
        "name": "LUXOR"
    },
    {
        "classId": 1,
        "seriesId": 24,
        "seriesDescription": "MERIDIAN",
        "name": "MERIDIAN"
    },
    {
        "classId": 1,
        "seriesId": 24,
        "seriesDescription": "MERIDIAN V",
        "name": "MERIDIAN V"
    },
    {
        "classId": 1,
        "seriesId": 24,
        "seriesDescription": "MERIDIAN V CLASS",
        "name": "MERIDIAN V CLASS"
    },
    {
        "classId": 4,
        "seriesId": 178,
        "seriesDescription": "MICRO MINNIE",
        "name": "MICRO MINNIE"
    },
    {
        "classId": 4,
        "seriesId": 187,
        "seriesDescription": "MICROFLX",
        "name": "MICRO MINNIE FLX"
    },
    {
        "classId": 5,
        "seriesId": 179,
        "seriesDescription": "MICROMINNIE5",
        "name": "MICRO MINNIE"
    },
    {
        "classId": 4,
        "seriesId": 4,
        "seriesDescription": "MINNIE",
        "name": "MINNIE"
    },
    {
        "classId": 3,
        "seriesId": 13,
        "seriesDescription": "MINNIE",
        "name": "MINNIE"
    },
    {
        "classId": 3,
        "seriesId": 4,
        "seriesDescription": "MINNIE 300",
        "name": "MINNIE 300"
    },
    {
        "classId": 4,
        "seriesId": 180,
        "seriesDescription": "MINNIE PLUS",
        "name": "MINNIE PLUS"
    },
    {
        "classId": 3,
        "seriesId": 4,
        "seriesDescription": "MINNIE WINNIE",
        "name": "MINNIE WINNIE"
    },
    {
        "classId": 4,
        "seriesId": 183,
        "seriesDescription": "MINNIEDROP",
        "name": "MINNIE DROP"
    },
    {
        "classId": 5,
        "seriesId": 181,
        "seriesDescription": "MINNIEPLUS5",
        "name": "MINNIE PLUS"
    },
    {
        "classId": 3,
        "seriesId": 4,
        "seriesDescription": "MW PREMIER",
        "name": "MINNIE WINNIE PREMIER"
    },
    {
        "classId": 3,
        "seriesId": 6,
        "seriesDescription": "NAVION",
        "name": "NAVION"
    },
    {
        "classId": 3,
        "seriesId": 6,
        "seriesDescription": "NAVION IQ",
        "name": "NAVION IQ"
    },
    {
        "classId": 1,
        "seriesId": 159,
        "seriesDescription": "ONE",
        "name": "ONE"
    },
    {
        "classId": 4,
        "seriesId": 17,
        "seriesDescription": "ONE",
        "name": "ONE"
    },
    {
        "classId": 3,
        "seriesId": 4,
        "seriesDescription": "OUTLOOK",
        "name": "OUTLOOK"
    },
    {
        "classId": 2,
        "seriesId": 9,
        "seriesDescription": "PASEO",
        "name": "PASEO"
    },
    {
        "classId": 1,
        "seriesId": 14,
        "seriesDescription": "PASSAGE",
        "name": "PASSAGE"
    },
    {
        "classId": 3,
        "seriesId": 13,
        "seriesDescription": "PORTO",
        "name": "PORTO"
    },
    {
        "classId": 5,
        "seriesId": 23,
        "seriesDescription": "RAVEN",
        "name": "RAVEN"
    },
    {
        "classId": 1,
        "seriesId": 160,
        "seriesDescription": "RAVEN",
        "name": "RAVEN"
    },
    {
        "classId": 1,
        "seriesId": 21,
        "seriesDescription": "RAVEN EXPRESS",
        "name": "RAVEN EXPRESS"
    },
    {
        "classId": 1,
        "seriesId": 23,
        "seriesDescription": "RAVEN HISTORY",
        "name": "RAVEN HISTORY"
    },
    {
        "classId": 5,
        "seriesId": 161,
        "seriesDescription": "RAVEN LITE",
        "name": "RAVEN LITE"
    },
    {
        "classId": 1,
        "seriesId": 19,
        "seriesDescription": "RAVEN LITE",
        "name": "RAVEN LITE"
    },
    {
        "classId": 3,
        "seriesId": 162,
        "seriesDescription": "REMINGTON",
        "name": "REMINGTON"
    },
    {
        "classId": 4,
        "seriesId": 13,
        "seriesDescription": "REMINGTON",
        "name": "REMINGTON"
    },
    {
        "classId": 5,
        "seriesId": 22,
        "seriesDescription": "REMINGTON FW",
        "name": "REMINGTON"
    },
    {
        "classId": 4,
        "seriesId": 164,
        "seriesDescription": "REMINGTON HI",
        "name": "REMINGTON HI"
    },
    {
        "classId": 5,
        "seriesId": 22,
        "seriesDescription": "REMINGTON HISTORY",
        "name": "REMINGTON HISTORY"
    },
    {
        "classId": 4,
        "seriesId": 165,
        "seriesDescription": "REMINGTON UL",
        "name": "REMINGTON UL"
    },
    {
        "classId": 5,
        "seriesId": 15,
        "seriesDescription": "REMINGTON ULTRALITE",
        "name": "REMINGTON ULTRALITE"
    },
    {
        "classId": 4,
        "seriesId": 166,
        "seriesDescription": "REMINGTON XL",
        "name": "REMINGTON XL"
    },
    {
        "classId": 5,
        "seriesId": 17,
        "seriesDescription": "REMINGTON XLT",
        "name": "REMINGTON XLT"
    },
    {
        "classId": 2,
        "seriesId": 12,
        "seriesDescription": "REVEL",
        "name": "REVEL"
    },
    {
        "classId": 1,
        "seriesId": 18,
        "seriesDescription": "REYO",
        "name": "REYO"
    },
    {
        "classId": 2,
        "seriesId": 3,
        "seriesDescription": "RIALTA",
        "name": "RIALTA"
    },
    {
        "classId": 2,
        "seriesId": 3,
        "seriesDescription": "RIALTA CLASSIC",
        "name": "RIALTA CLASSIC"
    },
    {
        "classId": 2,
        "seriesId": 186,
        "seriesDescription": "ROAM",
        "name": "ROAM"
    },
    {
        "classId": 1,
        "seriesId": 27,
        "seriesDescription": "SCORPION",
        "name": "SCORPION"
    },
    {
        "classId": 5,
        "seriesId": 167,
        "seriesDescription": "SCORPION",
        "name": "SCORPION"
    },
    {
        "classId": 1,
        "seriesId": 14,
        "seriesDescription": "SIGHTSEER",
        "name": "SIGHTSEER"
    },
    {
        "classId": 1,
        "seriesId": 21,
        "seriesDescription": "SOLEI",
        "name": "SOLEI"
    },
    {
        "classId": 2,
        "seriesId": 28,
        "seriesDescription": "SOLIS",
        "name": "SOLIS"
    },
    {
        "classId": 3,
        "seriesId": 4,
        "seriesDescription": "SPIRIT",
        "name": "SPIRIT"
    },
    {
        "classId": 3,
        "seriesId": 4,
        "seriesDescription": "SPIRIT SILVER",
        "name": "SPIRIT SILVER"
    },
    {
        "classId": 1,
        "seriesId": 27,
        "seriesDescription": "SPYDER",
        "name": "SPYDER"
    },
    {
        "classId": 4,
        "seriesId": 182,
        "seriesDescription": "Spyder",
        "name": "SPYDER"
    },
    {
        "classId": 5,
        "seriesId": 168,
        "seriesDescription": "SPYDER5",
        "name": "SPYDER"
    },
    {
        "classId": 1,
        "seriesId": 19,
        "seriesDescription": "SUNCRUISER",
        "name": "SUNCRUISER"
    },
    {
        "classId": 3,
        "seriesId": 5,
        "seriesDescription": "SUNDANCER",
        "name": "SUNDANCER"
    },
    {
        "classId": 1,
        "seriesId": 21,
        "seriesDescription": "SUNFLYER",
        "name": "SUNFLYER"
    },
    {
        "classId": 1,
        "seriesId": 32,
        "seriesDescription": "SUNNYBROOK",
        "name": "SUNNYBROOK"
    },
    {
        "classId": 1,
        "seriesId": 14,
        "seriesDescription": "SUNOVA",
        "name": "SUNOVA"
    },
    {
        "classId": 1,
        "seriesId": 15,
        "seriesDescription": "SUNOVA",
        "name": "SUNOVA"
    },
    {
        "classId": 1,
        "seriesId": 16,
        "seriesDescription": "SUNRISE",
        "name": "SUNRISE"
    },
    {
        "classId": 1,
        "seriesId": 16,
        "seriesDescription": "SUNRISE DL",
        "name": "SUNRISE DL"
    },
    {
        "classId": 1,
        "seriesId": 16,
        "seriesDescription": "SUNRISE SE",
        "name": "SUNRISE SE"
    },
    {
        "classId": 4,
        "seriesId": 169,
        "seriesDescription": "SUNSET CREEK",
        "name": "SUNSET CREEK"
    },
    {
        "classId": 1,
        "seriesId": 11,
        "seriesDescription": "SUNSET CREEK",
        "name": "SUNSET CREEK"
    },
    {
        "classId": 1,
        "seriesId": 27,
        "seriesDescription": "SUNSET CREEK HISTORY",
        "name": "SUNSET CREEK HISTORY"
    },
    {
        "classId": 1,
        "seriesId": 3,
        "seriesDescription": "SUNSTAR",
        "name": "SUNSTAR"
    },
    {
        "classId": 2,
        "seriesId": 15,
        "seriesDescription": "SUNSTAR",
        "name": "SUNSTAR"
    },
    {
        "classId": 1,
        "seriesId": 15,
        "seriesDescription": "SUNSTAR LX",
        "name": "SUNSTAR LX"
    },
    {
        "classId": 2,
        "seriesId": 28,
        "seriesDescription": "TITAN",
        "name": "TITAN"
    },
    {
        "classId": 1,
        "seriesId": 26,
        "seriesDescription": "TOUR",
        "name": "TOUR"
    },
    {
        "classId": 2,
        "seriesId": 2,
        "seriesDescription": "TRAVATO",
        "name": "TRAVATO"
    },
    {
        "classId": 3,
        "seriesId": 7,
        "seriesDescription": "TREND",
        "name": "TREND"
    },
    {
        "classId": 1,
        "seriesId": 11,
        "seriesDescription": "TRIBUTE",
        "name": "TRIBUTE"
    },
    {
        "classId": 2,
        "seriesId": 25,
        "seriesDescription": "ULTIMATE - ADVANTAGE",
        "name": "ULTIMATE - ADVANTAGE"
    },
    {
        "classId": 2,
        "seriesId": 25,
        "seriesDescription": "ULTIMATE - FREEDOM",
        "name": "ULTIMATE - FREEDOM"
    },
    {
        "classId": 4,
        "seriesId": 15,
        "seriesDescription": "ULTRALITE",
        "name": "ULTRALITE"
    },
    {
        "classId": 1,
        "seriesId": 170,
        "seriesDescription": "ULTRALITE",
        "name": "ULTRALITE"
    },
    {
        "classId": 1,
        "seriesId": 22,
        "seriesDescription": "VECTRA",
        "name": "VECTRA"
    },
    {
        "classId": 1,
        "seriesId": 22,
        "seriesDescription": "VECTRA GRAND TOUR",
        "name": "VECTRA GRAND TOUR"
    },
    {
        "classId": 1,
        "seriesId": 18,
        "seriesDescription": "VIA",
        "name": "VIA"
    },
    {
        "classId": 3,
        "seriesId": 6,
        "seriesDescription": "VIEW",
        "name": "VIEW"
    },
    {
        "classId": 3,
        "seriesId": 6,
        "seriesDescription": "VIEW PROFILE",
        "name": "VIEW PROFILE"
    },
    {
        "classId": 2,
        "seriesId": 3,
        "seriesDescription": "VISTA",
        "name": "VISTA"
    },
    {
        "classId": 1,
        "seriesId": 15,
        "seriesDescription": "VISTA",
        "name": "VISTA"
    },
    {
        "classId": 1,
        "seriesId": 15,
        "seriesDescription": "VISTA LX",
        "name": "VISTA LX"
    },
    {
        "classId": 3,
        "seriesId": 13,
        "seriesDescription": "VITA",
        "name": "VITA"
    },
    {
        "classId": 3,
        "seriesId": 7,
        "seriesDescription": "VIVA!",
        "name": "VIVA!"
    },
    {
        "classId": 1,
        "seriesId": 29,
        "seriesDescription": "VOYAGE",
        "name": "VOYAGE"
    },
    {
        "classId": 4,
        "seriesId": 16,
        "seriesDescription": "VOYAGE",
        "name": "VOYAGE"
    },
    {
        "classId": 5,
        "seriesId": 172,
        "seriesDescription": "VOYAGE LITE",
        "name": "VOYAGE LITE"
    },
    {
        "classId": 5,
        "seriesId": 173,
        "seriesDescription": "VOYAGE SUITE",
        "name": "VOYAGE SUITE"
    },
    {
        "classId": 1,
        "seriesId": 174,
        "seriesDescription": "VOYAGE XLT",
        "name": "VOYAGE XLT"
    },
    {
        "classId": 5,
        "seriesId": 31,
        "seriesDescription": "VOYAGE XLT",
        "name": "VOYAGE XLT"
    },
    {
        "classId": 5,
        "seriesId": 175,
        "seriesDescription": "VOYAGE5",
        "name": "VOYAGE"
    },
    {
        "classId": 1,
        "seriesId": 14,
        "seriesDescription": "WARRIOR",
        "name": "WARRIOR"
    },
    {
        "classId": 1,
        "seriesId": 30,
        "seriesDescription": "WINNIE DROP",
        "name": "WINNIE DROP"
    },
    {
        "classId": 4,
        "seriesId": 176,
        "seriesDescription": "WINNIEDROP",
        "name": "WINNIE DROP"
    }
]
