{
  "images": [
    {
      "size": "60x60",
      "expected-size": "180",
      "filename": "OwnersIcon180.png",
      "folder": "Assets.xcassets/AppIcon.appiconset/",
      "idiom": "iphone",
      "scale": "3x"
    },
    {
      "size": "40x40",
      "expected-size": "80",
      "filename": "OwnersIcon80.png",
      "folder": "Assets.xcassets/AppIcon.appiconset/",
      "idiom": "iphone",
      "scale": "2x"
    },
    {
      "size": "40x40",
      "expected-size": "120",
      "filename": "OwnersIcon120.png",
      "folder": "Assets.xcassets/AppIcon.appiconset/",
      "idiom": "iphone",
      "scale": "3x"
    },
    {
      "size": "60x60",
      "expected-size": "120",
      "filename": "OwnersIcon120.png",
      "folder": "Assets.xcassets/AppIcon.appiconset/",
      "idiom": "iphone",
      "scale": "2x"
    },
    {
      "size": "57x57",
      "expected-size": "57",
      "filename": "OwnersIcon57.png",
      "folder": "Assets.xcassets/AppIcon.appiconset/",
      "idiom": "iphone",
      "scale": "1x"
    },
    {
      "size": "29x29",
      "expected-size": "58",
      "filename": "OwnersIcon58.png",
      "folder": "Assets.xcassets/AppIcon.appiconset/",
      "idiom": "iphone",
      "scale": "2x"
    },
    {
      "size": "29x29",
      "expected-size": "29",
      "filename": "OwnersIcon29.png",
      "folder": "Assets.xcassets/AppIcon.appiconset/",
      "idiom": "iphone",
      "scale": "1x"
    },
    {
      "size": "29x29",
      "expected-size": "87",
      "filename": "OwnersIcon87.png",
      "folder": "Assets.xcassets/AppIcon.appiconset/",
      "idiom": "iphone",
      "scale": "3x"
    },
    {
      "size": "57x57",
      "expected-size": "114",
      "filename": "OwnersIcon114.png",
      "folder": "Assets.xcassets/AppIcon.appiconset/",
      "idiom": "iphone",
      "scale": "2x"
    },
    {
      "size": "20x20",
      "expected-size": "40",
      "filename": "OwnersIcon40.png",
      "folder": "Assets.xcassets/AppIcon.appiconset/",
      "idiom": "iphone",
      "scale": "2x"
    },
    {
      "size": "20x20",
      "expected-size": "60",
      "filename": "OwnersIcon60.png",
      "folder": "Assets.xcassets/AppIcon.appiconset/",
      "idiom": "iphone",
      "scale": "3x"
    },
    {
      "size": "1024x1024",
      "filename": "OwnersIcon1024.png",
      "expected-size": "1024",
      "idiom": "ios-marketing",
      "folder": "Assets.xcassets/AppIcon.appiconset/",
      "scale": "1x"
    },
    {
      "size": "40x40",
      "expected-size": "80",
      "filename": "OwnersIcon80.png",
      "folder": "Assets.xcassets/AppIcon.appiconset/",
      "idiom": "ipad",
      "scale": "2x"
    },
    {
      "size": "72x72",
      "expected-size": "72",
      "filename": "OwnersIcon72.png",
      "folder": "Assets.xcassets/AppIcon.appiconset/",
      "idiom": "ipad",
      "scale": "1x"
    },
    {
      "size": "76x76",
      "expected-size": "152",
      "filename": "OwnersIcon152.png",
      "folder": "Assets.xcassets/AppIcon.appiconset/",
      "idiom": "ipad",
      "scale": "2x"
    },
    {
      "size": "50x50",
      "expected-size": "100",
      "filename": "OwnersIcon100.png",
      "folder": "Assets.xcassets/AppIcon.appiconset/",
      "idiom": "ipad",
      "scale": "2x"
    },
    {
      "size": "29x29",
      "expected-size": "58",
      "filename": "OwnersIcon58.png",
      "folder": "Assets.xcassets/AppIcon.appiconset/",
      "idiom": "ipad",
      "scale": "2x"
    },
    {
      "size": "76x76",
      "expected-size": "76",
      "filename": "OwnersIcon76.png",
      "folder": "Assets.xcassets/AppIcon.appiconset/",
      "idiom": "ipad",
      "scale": "1x"
    },
    {
      "size": "29x29",
      "expected-size": "29",
      "filename": "OwnersIcon29.png",
      "folder": "Assets.xcassets/AppIcon.appiconset/",
      "idiom": "ipad",
      "scale": "1x"
    },
    {
      "size": "50x50",
      "expected-size": "50",
      "filename": "OwnersIcon50.png",
      "folder": "Assets.xcassets/AppIcon.appiconset/",
      "idiom": "ipad",
      "scale": "1x"
    },
    {
      "size": "72x72",
      "expected-size": "144",
      "filename": "OwnersIcon144.png",
      "folder": "Assets.xcassets/AppIcon.appiconset/",
      "idiom": "ipad",
      "scale": "2x"
    },
    {
      "size": "40x40",
      "expected-size": "40",
      "filename": "OwnersIcon40.png",
      "folder": "Assets.xcassets/AppIcon.appiconset/",
      "idiom": "ipad",
      "scale": "1x"
    },
    {
      "size": "83.5x83.5",
      "expected-size": "167",
      "filename": "OwnersIcon167.png",
      "folder": "Assets.xcassets/AppIcon.appiconset/",
      "idiom": "ipad",
      "scale": "2x"
    },
    {
      "size": "20x20",
      "expected-size": "20",
      "filename": "OwnersIcon20.png",
      "folder": "Assets.xcassets/AppIcon.appiconset/",
      "idiom": "ipad",
      "scale": "1x"
    },
    {
      "size": "20x20",
      "expected-size": "40",
      "filename": "OwnersIcon40.png",
      "folder": "Assets.xcassets/AppIcon.appiconset/",
      "idiom": "ipad",
      "scale": "2x"
    }
  ]
}
