{
  "posts": [
    {
      "id": 1,
      "title": "json-server",
      "author": "typicode"
    }
  ],
  "comments": [
    {
      "id": 1,
      "body": "some comment",
      "postId": 1
    }
  ],
  "weather": {
    "temp_outside": "52°",
    "description": "partly cloudy",
    "temp_inside": "65°"
  },
  "widgets": [
    {
      "iconName": "Water Pump",
      "text": "Water Pump is On",
      "path": "/bw/water",
      "order": 1
    },
    {
      "iconName": "Fire",
      "text": "Heat at 65",
      "path": "/bw/fire",
      "order": 2
    },
    {
      "iconName": "Water Heater",
      "text": "Water Heater  On",
      "path": "/bw/heater",
      "order": 3
    },
    { "iconName": "Fan", "text": "Fan is On", "path": "/bw/fan", "order": 4 },
    {
      "iconName": "Water Pump",
      "text": "Water Pump is On",
      "path": "/bw/water",
      "order": 4
    },
    {
      "iconName": "Fire",
      "text": "Heat at 65",
      "path": "/bw/fire",
      "order": 5
    },
    {
      "iconName": "Water Heater",
      "text": "Water Heater  On",
      "path": "/bw/heater",
      "order": 6
    },
    {
      "iconName": "Light Bulb",
      "text": "3 Light  On",
      "path": "/bw/llbull",
      "order": 7
    },
    {
      "iconName": "Awning Light",
      "text": "Awning Light is On",
      "path": "/bw/awning",
      "order": 8
    },
    {
      "iconName": "Inverter",
      "text": "Inverter is On",
      "path": "/bw/inverter",
      "order": 9
    },
    { "iconName": "Fan", "text": "Fan is On", "path": "/bw/fan", "order": 10 },
    {
      "iconName": "Light Bulb",
      "text": "3 Light  On",
      "path": "/bw/llbull",
      "order": 11
    }
  ],
  "bottom-widgets": [
    {
      "iconName": "Water Pump",
      "text": "Water Pump is On",
      "path": "/bw/water",
      "order": 2
    },
    {
      "iconName": "Fire",
      "text": "Heat at 65",
      "path": "/bw/fire",
      "order": 1
    },
    {
      "iconName": "Water Heater",
      "text": "Water Heater  On",
      "path": "/bw/heater",
      "order": 3
    },
    { "iconName": "Fan", "text": "Fan is On", "path": "/bw/fan", "order": 4 },
    {
      "iconName": "Water Pump",
      "text": "Water Pump is On",
      "path": "/bw/water",
      "order": 11
    },
    {
      "iconName": "Fire",
      "text": "Heat at 65",
      "path": "/bw/fire",
      "order": 9
    },
    {
      "iconName": "Water Heater",
      "text": "Water Heater  On",
      "path": "/bw/heater",
      "order": 10
    },
    {
      "iconName": "Light Bulb",
      "text": "3 Light  On",
      "path": "/bw/llbull",
      "order": 5
    },
    {
      "iconName": "Awning Light",
      "text": "Awning Light is On",
      "path": "/bw/awning",
      "order": 6
    },
    {
      "iconName": "Inverter",
      "text": "Inverter is On",
      "path": "/bw/inverter",
      "order": 7
    },
    { "iconName": "Fan", "text": "Fan is On", "path": "/bw/fan", "order": 11 },
    {
      "iconName": "Light Bulb",
      "text": "3 Light  On",
      "path": "/bw/llbull",
      "order": 8
    }
  ],
  "top-widgets": {
    "wifi": {
      "status": true,
      "strength": 20
    },
    "bluetooth": true,
    "battery": {
      "level": 90
    },
    "charging": {
      "status": true,
      "level": 40
    }
  },
  "top-icons": [
    {
      "name": "TopWifi",
      "icon": "top-wifi-icon",
      "status": "active",
      "data": [
        {
          "key": "WIFI_SIGNAL_STRENGTH",
          "value": "4"
        }
      ]
    },
    {
      "name": "TopBluetooth",
      "icon": "top-bt-icon",
      "status": "active",
      "data": [
        {
          "key": "BT_CONNECTED_DEVICE",
          "value": "true"
        }
      ]
    },
    {
      "name": "TopNotifications",
      "icon": "top-notification-icon",
      "status": "active",
      "data": [
        {
          "key": "NOTIFICATION_COUNT",
          "value": 4
        },
        {
          "key": "NOTIFICATIONS_CRITICAL",
          "value": 2
        },
        {
          "key": "NOTIFICATIONS_WARNING",
          "value": 1
        },
        {
          "key": "NOTIFICATIONS_INFO",
          "value": 1
        }
      ]
    }
  ],
  "quick-actions": [
    {
      "name": "WaterPumpAction",

      "icon_active": "Water Pump",
      "icon_inactive": "Water Pump",

      "color_active": "#ffc20f",
      "color_inactive": "#f2f2f7",

      "title": "Water Pump",
      "subtext": "Off",

      "state": "inactive",
      
      "action_active": {
        "type": "api_call",
        "action": {
          "href": "/api/lighting/all/rgb/off",
          "type": "PUT"
        }
      },
      "action_inactive": {
        "type": "api_call",
        "action": {
          "href": "/api/lighting/all/rgb/on",
          "type": "PUT"
        }
      },
      "action_longpress": {
        "type": "navigate",
        "action": {
          "href": "/home/waterpump"
        }
      }
    },
    {
      "name": "InverterAction",

      "icon_active": "Inverter",
      "icon_inactive": "Inverter",

      "color_active": "#55b966",
      "color_inactive": "#f2f2f7",

      "title": "Inverter",
      "subtext": "On",

      "state": "active",
      
      "action_active": {
        "type": "api_call",
        "action": {
          "href": "/api/inverter/1/off",
          "type": "PUT",
          "params": {
            "power_shedding_mode": true
          }
        }
      },
      "action_inactive": {
        "type": "api_call",
        "action": {
          "href": "/api/inverter/1/on",
          "type": "PUT",
          "params": {}
        }
      },
      "action_longpress": {
        "type": "navigate",
        "action": {
          "href": "/api/home/inverter"
        }
      }
    },
    {
      "name": "WaterHeaterAction",

      "icon_active": "Water Heater",
      "icon_inactive": "Water Heater",

      "color_active": "#55b966",
      "color_inactive": "#f2f2f7",

      "title": "Water Heater",
      "subtext": "Off",

      "state": "inactive",
      
      "action_active": {
        "type": "api_call",
        "action": {
          "href": "/waterheater/off",
          "type": "PUT",
          "params": {}
        }
      },
      "action_inactive": {
        "type": "api_call",
        "action": {
          "href": "/waterheater/on",
          "type": "PUT",
          "params": {}
        }
      },
      "action_longpress": {
        "type": "navigate",
        "action": {
          "href": "/home/waterheater"
        }
      }
    },
    {
      "name": "MasterLightAction",

      "icon_active": "Light Bulb",
      "icon_inactive": "Light Bulb",

      "color_active": "#ffc20f",
      "color_inactive": "#f2f2f7",

      "title": "Interior Lights",
      "subtext": "On",

      "state": "active",
      
      "action_active": {
        "type": "api_call",
        "action": {
          "href": "/api/lighting/all/off",
          "type": "PUT"
        }
      },
      "action_inactive": {
        "type": "api_call",
        "action": {
          "href": "/api/lighting/all/on",
          "type": "PUT"
        }
      },
      "action_longpress": {
        "type": "navigate",
        "action": {
          "href": "/home/lighting"
        }
      }
    }
    
  ],
  "level-states": [
    {
      "name": "HouseBatteryLevel",
      "icon": "",
      "color_fill": "#55b966",
      "color_empty": "#e5e5ea",
      "level": 100,
      "level_text": "Full",
      "title": "House Battery",
      "subtext": "6 Days",
      "action": {
        "type": "navigate",
        "action": {
          "href": "/home/battery"
        }
      }
    },
    {
      "name": "FreshTankLevel",
      "icon": "",
      "color_fill": "#0ca9da",
      "color_empty": "#e5e5ea",
      "level": 72,
      "level_text": "72%",
      "title": "Fresh Water",
      "subtext": "3 Days",
      "action": {
        "type": "navigate",
        "action": {
          "href": "/home/levels"
        }
      }
    },
    {
      "name": "GreyTankLevel",
      "icon": "",
      "color_fill": "#3a3a3c",
      "color_empty": "#e5e5ea",
      "level": 3,
      "level_text": "3%",
      "title": "Grey Tank",
      "subtext": "6 Days",
      "action": {
        "type": "navigate",
        "action": {
          "href": "/home/levels"
        }
      }
    },
    {
      "name": "BlackTankLevel",
      "icon": "",
      "color_fill": "#3a3a3c",
      "color_empty": "#e5e5ea",
      "level": 10,
      "level_text": "10%",
      "title": "Black Tank",
      "subtext": "6 Days",
      "action": {
        "type": "navigate",
        "action": {
          "href": "/home/levels"
        }
      }
    }
  ],
  "smart_widgets": [
    {
    }
  ],
  "notifications": [
    {
      "id": 1,
      "level": "CRITICAL",
      "header": "Super Important",
      "body": "Something is about to happen, if you do not ...",
      "footer": {
        "actions": ["dismiss", "navigate"],
        "action_dismiss": {
          "type": "dismiss",
          "action": {
            "text": "Dismiss",
            "event_href": "/notifications/1/dismiss"
          }
        },
        "action_navigate": {
          "type": "navigate",
          "action": {
            "icon": null,
            "text": "Update Now",
            "href": "/home/swupdates",
            "event_href": "/notifications/1/navigate"
          }
        }
      }
    },
    {
      "id": 2,
      "level": "CRITICAL",
      "header": "Super Important #2",
      "body": "Something is about to happen, if you do not ...",
      "footer": {
        "actions": ["dismiss", "navigate"],
        "action_dismiss": {
          "type": "dismiss",
          "action": {
            "text": "Dismiss",
            "event_href": "/notifications/2/dismiss"
          }
        },
        "action_navigate": {
          "type": "navigate",
          "action": {
            "icon": null,
            "text": "Update Now",
            "href": "/home/swupdates",
            "event_href": "/notifications/2/navigate"
          }
        }
      }
    },
    {
      "id": 3,
      "level": "WARNING",
      "header": "Grey Water Levels",
      "body": "Your grey water tank is approaching 3/4 full.",
      "footer": {
        "actions": ["dismiss"],
        "action_dismiss": {
          "type": "dismiss",
          "action": {
            "text": "OK",
            "event_href": "/notifications/3/dismiss"
          }
        }
      }
    },
    {
      "id": 4,
      "level": "INFO",
      "header": "Lalalala",
      "body": "This is some text.",
      "footer": {
        "actions": ["dismiss"],
        "action_dismiss": {
          "type": "dismiss",
          "action": {
            "text": "OK",
            "event_href": "/notifications/4/dismiss"
          }
        }
      }
    }
  ]
}
