{
	"info": {
		"_postman_id": "36474e3d-025c-44f5-a5f9-8a59aa95eb93",
		"name": "SmartRV_Api_Demo",
		"schema": "https://schema.getpostman.com/json/collection/v2.1.0/collection.json",
		"_exporter_id": "25047025"
	},
	"item": [
		{
			"name": "thermostat/state",
			"item": [
				{
					"name": "Get Thermostat State",
					"event": [
						{
							"listen": "test",
							"script": {
								"exec": [
									"var jsonData = pm.response.json();\r",
									"\r",
									"pm.test(\"Status test\", function() {\r",
									"    pm.response.to.have.status(200);\r",
									"});\r",
									"\r",
									"\r",
									"\r",
									"\r",
									"\r",
									"tests[\"Response time less than 1500ms\"] = responseTime <1500;\r",
									"\r",
									"\r",
									""
								],
								"type": "text/javascript"
							}
						}
					],
					"request": {
						"method": "GET",
						"header": [
							{
								"key": "Accept",
								"value": "application/json"
							}
						],
						"url": {
							"raw": "{{baseUrl}}/api/climate/zones/:zone_id",
							"host": [
								"{{baseUrl}}"
							],
							"path": [
								"api",
								"climate",
								"zones",
								":zone_id"
							],
							"variable": [
								{
									"key": "zone_id",
									"value": "1",
									"description": "(Required) "
								}
							]
						}
					},
					"response": [
						{
							"name": "Successful Response",
							"originalRequest": {
								"method": "GET",
								"header": [],
								"url": {
									"raw": "http://localhost:8000/api/climate/zones/:zone_id/thermostat/state?unit=F",
									"protocol": "http",
									"host": [
										"localhost"
									],
									"port": "8000",
									"path": [
										"api",
										"climate",
										"zones",
										":zone_id",
										"thermostat",
										"state"
									],
									"query": [
										{
											"key": "unit",
											"value": "F"
										}
									],
									"variable": [
										{
											"key": "zone_id",
											"value": "1",
											"description": "(Required) "
										}
									]
								}
							},
							"status": "OK",
							"code": 200,
							"_postman_previewlanguage": "json",
							"header": [
								{
									"key": "Content-Type",
									"value": "application/json"
								}
							],
							"cookie": [],
							"body": "{}"
						},
						{
							"name": "Validation Error",
							"originalRequest": {
								"method": "GET",
								"header": [],
								"url": {
									"raw": "{{baseUrl}}/api/climate/zones/:zone_id/thermostat/state?unit=F",
									"host": [
										"{{baseUrl}}"
									],
									"path": [
										"api",
										"climate",
										"zones",
										":zone_id",
										"thermostat",
										"state"
									],
									"query": [
										{
											"key": "unit",
											"value": "F"
										}
									],
									"variable": [
										{
											"key": "zone_id",
											"value": "57304568",
											"description": "(Required) "
										}
									]
								}
							},
							"status": "Unprocessable Entity (WebDAV) (RFC 4918)",
							"code": 422,
							"_postman_previewlanguage": "json",
							"header": [
								{
									"key": "Content-Type",
									"value": "application/json"
								}
							],
							"cookie": [],
							"body": "{\n  \"detail\": [\n    {\n      \"loc\": [\n        \"cillum amet\",\n        \"voluptate veniam\"\n      ],\n      \"msg\": \"dolor sit aute\",\n      \"type\": \"cillum\"\n    },\n    {\n      \"loc\": [\n        \"irure nostrud aute fugiat\",\n        \"et ex magna\"\n      ],\n      \"msg\": \"proident nisi est commodo sit\",\n      \"type\": \"magna labore mollit quis commodo\"\n    }\n  ]\n}"
						}
					]
				},
				{
					"name": "Set Thermostat State _ Auto",
					"event": [
						{
							"listen": "test",
							"script": {
								"exec": [
									"\r",
									"pm.test(\"API Status test\", function () {\r",
									"    pm.response.to.have.status(200);\r",
									"});\r",
									"\r",
									"tests[\"Body contains onOff in Climate Control\"] = responseBody.has(\"onOff\");\r",
									"\r",
									"\r",
									"tests[\"Response time less than 1500ms\"] = responseTime <1500;\r",
									"\r",
									"\r",
									"pm.test(\"response must be valid and have a body\", function () {\r",
									"     pm.response.to.be.ok;\r",
									"     pm.response.to.be.withBody;\r",
									"     pm.response.to.be.json;\r",
									"});\r",
									"\r",
									"pm.test(\"Successful PUT request\", function () {\r",
									"    pm.expect(pm.response.code).to.be.oneOf([201, 202,200,400,422]);\r",
									"});"
								],
								"type": "text/javascript"
							}
						}
					],
					"request": {
						"method": "PUT",
						"header": [
							{
								"key": "Content-Type",
								"value": "application/json"
							},
							{
								"key": "Accept",
								"value": "application/json"
							},
							{
								"key": "zone_id",
								"value": "1",
								"type": "text"
							}
						],
						"body": {
							"mode": "raw",
							"raw": "{\r\n          \"onOff\": 1,\r\n          \"mode\": \"AUTO\",\r\n          \"setTempHeat\": 60,\r\n          \"setTempCool\": 80,\r\n          \"unit\": \"F\"\r\n        \r\n          \r\n        }\r\n        ",
							"options": {
								"raw": {
									"language": "json"
								}
							}
						},
						"url": {
							"raw": "{{baseUrl}}/api/climate/zones/1/thermostat/state",
							"host": [
								"{{baseUrl}}"
							],
							"path": [
								"api",
								"climate",
								"zones",
								"1",
								"thermostat",
								"state"
							]
						},
						"description": "Sets the full state Request Body "
					},
					"response": [
						{
							"name": "Successful Response",
							"originalRequest": {
								"method": "PUT",
								"header": [],
								"body": {
									"mode": "raw",
									"raw": "{\r\n   \"onOff\": 1,\r\n  \"mode\": \"HEAT\"\r\n}",
									"options": {
										"raw": {
											"language": "json"
										}
									}
								},
								"url": {
									"raw": "http://localhost:8000/api/climate/zones/:zone_id/thermostat/state",
									"protocol": "http",
									"host": [
										"localhost"
									],
									"port": "8000",
									"path": [
										"api",
										"climate",
										"zones",
										":zone_id",
										"thermostat",
										"state"
									],
									"variable": [
										{
											"key": "zone_id",
											"value": "1",
											"description": "(Required) "
										}
									]
								}
							},
							"status": "OK",
							"code": 200,
							"_postman_previewlanguage": "json",
							"header": [
								{
									"key": "Content-Type",
									"value": "application/json"
								}
							],
							"cookie": [],
							"body": "{}"
						},
						{
							"name": "Validation Error",
							"originalRequest": {
								"method": "PUT",
								"header": [],
								"body": {
									"mode": "raw",
									"raw": "{}",
									"options": {
										"raw": {
											"language": "json"
										}
									}
								},
								"url": {
									"raw": "{{baseUrl}}/api/climate/zones/:zone_id/thermostat/state",
									"host": [
										"{{baseUrl}}"
									],
									"path": [
										"api",
										"climate",
										"zones",
										":zone_id",
										"thermostat",
										"state"
									],
									"variable": [
										{
											"key": "zone_id",
											"value": "57304568",
											"description": "(Required) "
										}
									]
								}
							},
							"status": "Unprocessable Entity (WebDAV) (RFC 4918)",
							"code": 422,
							"_postman_previewlanguage": "json",
							"header": [
								{
									"key": "Content-Type",
									"value": "application/json"
								}
							],
							"cookie": [],
							"body": "{\n  \"detail\": [\n    {\n      \"loc\": [\n        \"cillum amet\",\n        \"voluptate veniam\"\n      ],\n      \"msg\": \"dolor sit aute\",\n      \"type\": \"cillum\"\n    },\n    {\n      \"loc\": [\n        \"irure nostrud aute fugiat\",\n        \"et ex magna\"\n      ],\n      \"msg\": \"proident nisi est commodo sit\",\n      \"type\": \"magna labore mollit quis commodo\"\n    }\n  ]\n}"
						}
					]
				},
				{
					"name": "Set Thermostat State _ Fan-only",
					"event": [
						{
							"listen": "test",
							"script": {
								"exec": [
									"\r",
									"pm.test(\"API Status test\", function () {\r",
									"    pm.response.to.have.status(200);\r",
									"});\r",
									"\r",
									"tests[\"Body contains onOff in Climate Control\"] = responseBody.has(\"onOff\");\r",
									"\r",
									"\r",
									"tests[\"Response time less than 1500ms\"] = responseTime <1500;\r",
									"\r",
									"pm.test(\"response must be valid and have a body\", function () {\r",
									"     pm.response.to.be.ok;\r",
									"     pm.response.to.be.withBody;\r",
									"     pm.response.to.be.json;\r",
									"});\r",
									"\r",
									"pm.test(\"Successful PUT request\", function () {\r",
									"    pm.expect(pm.response.code).to.be.oneOf([201, 202,200,500,400,422]);\r",
									"});"
								],
								"type": "text/javascript"
							}
						}
					],
					"request": {
						"method": "PUT",
						"header": [
							{
								"key": "Content-Type",
								"value": "application/json"
							},
							{
								"key": "Accept",
								"value": "application/json"
							},
							{
								"key": "zone_id",
								"value": "1",
								"type": "text"
							}
						],
						"body": {
							"mode": "raw",
							"raw": "{\r\n          \"onOff\": 1,\r\n          \"mode\": \"FAN_ONLY\",\r\n          \"setTempHeat\": 60,\r\n          \"setTempCool\": 80,\r\n          \"unit\": \"F\"\r\n        }\r\n        ",
							"options": {
								"raw": {
									"language": "json"
								}
							}
						},
						"url": {
							"raw": "{{baseUrl}}/api/climate/zones/1/thermostat/state",
							"host": [
								"{{baseUrl}}"
							],
							"path": [
								"api",
								"climate",
								"zones",
								"1",
								"thermostat",
								"state"
							]
						},
						"description": "Sets the full state Request Body "
					},
					"response": [
						{
							"name": "Successful Response",
							"originalRequest": {
								"method": "PUT",
								"header": [],
								"body": {
									"mode": "raw",
									"raw": "{\r\n   \"onOff\": 1,\r\n  \"mode\": \"HEAT\"\r\n}",
									"options": {
										"raw": {
											"language": "json"
										}
									}
								},
								"url": {
									"raw": "{{baseUrl}}/api/climate/zones/:zone_id/thermostat/state",
									"host": [
										"{{baseUrl}}"
									],
									"path": [
										"api",
										"climate",
										"zones",
										":zone_id",
										"thermostat",
										"state"
									],
									"variable": [
										{
											"key": "zone_id",
											"value": "1",
											"description": "(Required) "
										}
									]
								}
							},
							"status": "OK",
							"code": 200,
							"_postman_previewlanguage": "json",
							"header": [
								{
									"key": "Content-Type",
									"value": "application/json"
								}
							],
							"cookie": [],
							"body": "{}"
						},
						{
							"name": "Validation Error",
							"originalRequest": {
								"method": "PUT",
								"header": [],
								"body": {
									"mode": "raw",
									"raw": "{}",
									"options": {
										"raw": {
											"language": "json"
										}
									}
								},
								"url": {
									"raw": "{{baseUrl}}/api/climate/zones/:zone_id/thermostat/state",
									"host": [
										"{{baseUrl}}"
									],
									"path": [
										"api",
										"climate",
										"zones",
										":zone_id",
										"thermostat",
										"state"
									],
									"variable": [
										{
											"key": "zone_id",
											"value": "57304568",
											"description": "(Required) "
										}
									]
								}
							},
							"status": "Unprocessable Entity (WebDAV) (RFC 4918)",
							"code": 422,
							"_postman_previewlanguage": "json",
							"header": [
								{
									"key": "Content-Type",
									"value": "application/json"
								}
							],
							"cookie": [],
							"body": "{\n  \"detail\": [\n    {\n      \"loc\": [\n        \"cillum amet\",\n        \"voluptate veniam\"\n      ],\n      \"msg\": \"dolor sit aute\",\n      \"type\": \"cillum\"\n    },\n    {\n      \"loc\": [\n        \"irure nostrud aute fugiat\",\n        \"et ex magna\"\n      ],\n      \"msg\": \"proident nisi est commodo sit\",\n      \"type\": \"magna labore mollit quis commodo\"\n    }\n  ]\n}"
						}
					]
				},
				{
					"name": "Set Thermostat State _Heat",
					"event": [
						{
							"listen": "test",
							"script": {
								"exec": [
									"\r",
									"pm.test(\"API Status test\", function () {\r",
									"    pm.response.to.have.status(200);\r",
									"});\r",
									"\r",
									"tests[\"Body contains onOff in Climate Control\"] = responseBody.has(\"onOff\");\r",
									"\r",
									"\r",
									"tests[\"Response time less than 1500ms\"] = responseTime <1500;\r",
									"\r",
									"\r",
									"\r",
									"pm.test(\"response must be valid and have a body\", function () {\r",
									"     pm.response.to.be.ok;\r",
									"     pm.response.to.be.withBody;\r",
									"     pm.response.to.be.json;\r",
									"});\r",
									"\r",
									"pm.test(\"Successful PUT request\", function () {\r",
									"    pm.expect(pm.response.code).to.be.oneOf([201, 202,200,400,422]);\r",
									"});"
								],
								"type": "text/javascript"
							}
						}
					],
					"request": {
						"method": "PUT",
						"header": [
							{
								"key": "Content-Type",
								"value": "application/json"
							},
							{
								"key": "Accept",
								"value": "application/json"
							},
							{
								"key": "zone_id",
								"value": "1",
								"type": "text"
							}
						],
						"body": {
							"mode": "raw",
							"raw": "{\r\n          \"onOff\": 1,\r\n          \"mode\": \"HEAT\",\r\n          \"setTempHeat\": 95,\r\n          \"setTempCool\": 60,\r\n          \"unit\": \"F\"\r\n        }\r\n        ",
							"options": {
								"raw": {
									"language": "json"
								}
							}
						},
						"url": {
							"raw": "{{baseUrl}}/api/climate/zones/1/thermostat/state",
							"host": [
								"{{baseUrl}}"
							],
							"path": [
								"api",
								"climate",
								"zones",
								"1",
								"thermostat",
								"state"
							]
						},
						"description": "Sets the full state Request Body "
					},
					"response": [
						{
							"name": "Successful Response",
							"originalRequest": {
								"method": "PUT",
								"header": [],
								"body": {
									"mode": "raw",
									"raw": "{\r\n   \"onOff\": 1,\r\n  \"mode\": \"HEAT\"\r\n}",
									"options": {
										"raw": {
											"language": "json"
										}
									}
								},
								"url": {
									"raw": "{{baseUrl}}/api/climate/zones/:zone_id/thermostat/state",
									"host": [
										"{{baseUrl}}"
									],
									"path": [
										"api",
										"climate",
										"zones",
										":zone_id",
										"thermostat",
										"state"
									],
									"variable": [
										{
											"key": "zone_id",
											"value": "1",
											"description": "(Required) "
										}
									]
								}
							},
							"status": "OK",
							"code": 200,
							"_postman_previewlanguage": "json",
							"header": [
								{
									"key": "Content-Type",
									"value": "application/json"
								}
							],
							"cookie": [],
							"body": "{}"
						},
						{
							"name": "Validation Error",
							"originalRequest": {
								"method": "PUT",
								"header": [],
								"body": {
									"mode": "raw",
									"raw": "{}",
									"options": {
										"raw": {
											"language": "json"
										}
									}
								},
								"url": {
									"raw": "{{baseUrl}}/api/climate/zones/:zone_id/thermostat/state",
									"host": [
										"{{baseUrl}}"
									],
									"path": [
										"api",
										"climate",
										"zones",
										":zone_id",
										"thermostat",
										"state"
									],
									"variable": [
										{
											"key": "zone_id",
											"value": "57304568",
											"description": "(Required) "
										}
									]
								}
							},
							"status": "Unprocessable Entity (WebDAV) (RFC 4918)",
							"code": 422,
							"_postman_previewlanguage": "json",
							"header": [
								{
									"key": "Content-Type",
									"value": "application/json"
								}
							],
							"cookie": [],
							"body": "{\n  \"detail\": [\n    {\n      \"loc\": [\n        \"cillum amet\",\n        \"voluptate veniam\"\n      ],\n      \"msg\": \"dolor sit aute\",\n      \"type\": \"cillum\"\n    },\n    {\n      \"loc\": [\n        \"irure nostrud aute fugiat\",\n        \"et ex magna\"\n      ],\n      \"msg\": \"proident nisi est commodo sit\",\n      \"type\": \"magna labore mollit quis commodo\"\n    }\n  ]\n}"
						}
					]
				},
				{
					"name": "Set Thermostat State_Cool",
					"event": [
						{
							"listen": "test",
							"script": {
								"exec": [
									"\r",
									"pm.test(\"API Status test\", function () {\r",
									"    pm.response.to.have.status(200);\r",
									"});\r",
									"\r",
									"tests[\"Body contains onOff in Climate Control\"] = responseBody.has(\"onOff\");\r",
									"\r",
									"\r",
									"tests[\"Response time less than 1500ms\"] = responseTime <1500;\r",
									"\r",
									"\r",
									"pm.test(\"response must be valid and have a body\", function () {\r",
									"     pm.response.to.be.ok;\r",
									"     pm.response.to.be.withBody;\r",
									"     pm.response.to.be.json;\r",
									"});\r",
									"\r",
									"pm.test(\"Successful PUT request\", function () {\r",
									"    pm.expect(pm.response.code).to.be.oneOf([201, 202,200,500,400,422]);\r",
									"});"
								],
								"type": "text/javascript"
							}
						}
					],
					"request": {
						"method": "PUT",
						"header": [
							{
								"key": "Content-Type",
								"value": "application/json"
							},
							{
								"key": "Accept",
								"value": "application/json"
							},
							{
								"key": "zone_id",
								"value": "1",
								"type": "text"
							}
						],
						"body": {
							"mode": "raw",
							"raw": "{\r\n          \"onOff\": 1,\r\n          \"mode\": \"COOL\",\r\n          \"setTempHeat\": 60,\r\n          \"setTempCool\": 80,\r\n          \"unit\": \"F\"\r\n        }\r\n        ",
							"options": {
								"raw": {
									"language": "json"
								}
							}
						},
						"url": {
							"raw": "{{baseUrl}}/api/climate/zones/1/thermostat/state",
							"host": [
								"{{baseUrl}}"
							],
							"path": [
								"api",
								"climate",
								"zones",
								"1",
								"thermostat",
								"state"
							]
						},
						"description": "Sets the full state Request Body "
					},
					"response": [
						{
							"name": "Successful Response",
							"originalRequest": {
								"method": "PUT",
								"header": [],
								"body": {
									"mode": "raw",
									"raw": "{\r\n   \"onOff\": 1,\r\n  \"mode\": \"HEAT\"\r\n}",
									"options": {
										"raw": {
											"language": "json"
										}
									}
								},
								"url": {
									"raw": "{{baseUrl}}/api/climate/zones/:zone_id/thermostat/state",
									"host": [
										"{{baseUrl}}"
									],
									"path": [
										"api",
										"climate",
										"zones",
										":zone_id",
										"thermostat",
										"state"
									],
									"variable": [
										{
											"key": "zone_id",
											"value": "1",
											"description": "(Required) "
										}
									]
								}
							},
							"status": "OK",
							"code": 200,
							"_postman_previewlanguage": "json",
							"header": [
								{
									"key": "Content-Type",
									"value": "application/json"
								}
							],
							"cookie": [],
							"body": "{}"
						},
						{
							"name": "Validation Error",
							"originalRequest": {
								"method": "PUT",
								"header": [],
								"body": {
									"mode": "raw",
									"raw": "{}",
									"options": {
										"raw": {
											"language": "json"
										}
									}
								},
								"url": {
									"raw": "{{baseUrl}}/api/climate/zones/:zone_id/thermostat/state",
									"host": [
										"{{baseUrl}}"
									],
									"path": [
										"api",
										"climate",
										"zones",
										":zone_id",
										"thermostat",
										"state"
									],
									"variable": [
										{
											"key": "zone_id",
											"value": "57304568",
											"description": "(Required) "
										}
									]
								}
							},
							"status": "Unprocessable Entity (WebDAV) (RFC 4918)",
							"code": 422,
							"_postman_previewlanguage": "json",
							"header": [
								{
									"key": "Content-Type",
									"value": "application/json"
								}
							],
							"cookie": [],
							"body": "{\n  \"detail\": [\n    {\n      \"loc\": [\n        \"cillum amet\",\n        \"voluptate veniam\"\n      ],\n      \"msg\": \"dolor sit aute\",\n      \"type\": \"cillum\"\n    },\n    {\n      \"loc\": [\n        \"irure nostrud aute fugiat\",\n        \"et ex magna\"\n      ],\n      \"msg\": \"proident nisi est commodo sit\",\n      \"type\": \"magna labore mollit quis commodo\"\n    }\n  ]\n}"
						}
					]
				},
				{
					"name": "Set Thermostat State 500 error",
					"event": [
						{
							"listen": "test",
							"script": {
								"exec": [
									"\r",
									"pm.test(\"API Status invalid test\", function () {\r",
									"    pm.response.to.have.status(422);\r",
									"});\r",
									"\r",
									""
								],
								"type": "text/javascript"
							}
						}
					],
					"request": {
						"method": "PUT",
						"header": [
							{
								"key": "Content-Type",
								"value": "application/json"
							},
							{
								"key": "Accept",
								"value": "application/json"
							},
							{
								"key": "zone_id",
								"value": "1",
								"type": "text"
							}
						],
						"body": {
							"mode": "raw",
							"raw": "{\r\n          \"onOff\": 123,\r\n          \"mode\": \"ONLY\"\r\n         \r\n        }\r\n        \r\n       ",
							"options": {
								"raw": {
									"language": "json"
								}
							}
						},
						"url": {
							"raw": "{{baseUrl}}/api/climate/zones/1/thermostat/state",
							"host": [
								"{{baseUrl}}"
							],
							"path": [
								"api",
								"climate",
								"zones",
								"1",
								"thermostat",
								"state"
							]
						},
						"description": "Sets the full state Request Body "
					},
					"response": [
						{
							"name": "Successful Response",
							"originalRequest": {
								"method": "PUT",
								"header": [],
								"body": {
									"mode": "raw",
									"raw": "{\r\n   \"onOff\": 1,\r\n  \"mode\": \"HEAT\"\r\n}",
									"options": {
										"raw": {
											"language": "json"
										}
									}
								},
								"url": {
									"raw": "{{baseUrl}}/api/climate/zones/:zone_id/thermostat/state",
									"host": [
										"{{baseUrl}}"
									],
									"path": [
										"api",
										"climate",
										"zones",
										":zone_id",
										"thermostat",
										"state"
									],
									"variable": [
										{
											"key": "zone_id",
											"value": "1",
											"description": "(Required) "
										}
									]
								}
							},
							"status": "OK",
							"code": 200,
							"_postman_previewlanguage": "json",
							"header": [
								{
									"key": "Content-Type",
									"value": "application/json"
								}
							],
							"cookie": [],
							"body": "{\r\n   \"onOff\": 1,\r\n  \"mode\": \"HEAT\"\r\n}"
						},
						{
							"name": "Validation Error",
							"originalRequest": {
								"method": "PUT",
								"header": [],
								"body": {
									"mode": "raw",
									"raw": "{}",
									"options": {
										"raw": {
											"language": "json"
										}
									}
								},
								"url": {
									"raw": "{{baseUrl}}/api/climate/zones/:zone_id/thermostat/state",
									"host": [
										"{{baseUrl}}"
									],
									"path": [
										"api",
										"climate",
										"zones",
										":zone_id",
										"thermostat",
										"state"
									],
									"variable": [
										{
											"key": "zone_id",
											"value": "57304568",
											"description": "(Required) "
										}
									]
								}
							},
							"status": "Unprocessable Entity (WebDAV) (RFC 4918)",
							"code": 422,
							"_postman_previewlanguage": "json",
							"header": [
								{
									"key": "Content-Type",
									"value": "application/json"
								}
							],
							"cookie": [],
							"body": "{\n  \"detail\": [\n    {\n      \"loc\": [\n        \"cillum amet\",\n        \"voluptate veniam\"\n      ],\n      \"msg\": \"dolor sit aute\",\n      \"type\": \"cillum\"\n    },\n    {\n      \"loc\": [\n        \"irure nostrud aute fugiat\",\n        \"et ex magna\"\n      ],\n      \"msg\": \"proident nisi est commodo sit\",\n      \"type\": \"magna labore mollit quis commodo\"\n    }\n  ]\n}"
						}
					]
				},
				{
					"name": "Set Thermostat State 422 error",
					"event": [
						{
							"listen": "test",
							"script": {
								"exec": [
									"\r",
									"pm.test(\"API Status test\", function () {\r",
									"    pm.response.to.have.status(422);\r",
									"});\r",
									"\r",
									""
								],
								"type": "text/javascript"
							}
						}
					],
					"request": {
						"method": "PUT",
						"header": [
							{
								"key": "Content-Type",
								"value": "application/json"
							},
							{
								"key": "Accept",
								"value": "application/json"
							},
							{
								"key": "zone_id",
								"value": "1",
								"type": "text"
							}
						],
						"body": {
							"mode": "raw",
							"raw": "{\r\n          \"onOff\": 1,\r\n          \"mode\": \"HOT\",\r\n          \"setTempHeat\": 120,\r\n          \"setTempCool\": 80,\r\n          \"unit\": \"F\"\r\n        }\r\n        ",
							"options": {
								"raw": {
									"language": "json"
								}
							}
						},
						"url": {
							"raw": "{{baseUrl}}/api/climate/zones/1/thermostat/state",
							"host": [
								"{{baseUrl}}"
							],
							"path": [
								"api",
								"climate",
								"zones",
								"1",
								"thermostat",
								"state"
							]
						},
						"description": "Sets the full state Request Body "
					},
					"response": [
						{
							"name": "Successful Response",
							"originalRequest": {
								"method": "PUT",
								"header": [],
								"body": {
									"mode": "raw",
									"raw": "{\r\n   \"onOff\": 1,\r\n  \"mode\": \"HEAT\"\r\n}",
									"options": {
										"raw": {
											"language": "json"
										}
									}
								},
								"url": {
									"raw": "{{baseUrl}}/api/climate/zones/:zone_id/thermostat/state",
									"host": [
										"{{baseUrl}}"
									],
									"path": [
										"api",
										"climate",
										"zones",
										":zone_id",
										"thermostat",
										"state"
									],
									"variable": [
										{
											"key": "zone_id",
											"value": "1",
											"description": "(Required) "
										}
									]
								}
							},
							"status": "OK",
							"code": 200,
							"_postman_previewlanguage": "json",
							"header": [
								{
									"key": "Content-Type",
									"value": "application/json"
								}
							],
							"cookie": [],
							"body": "{\r\n   \"onOff\": 1,\r\n  \"mode\": \"HEAT\"\r\n}"
						},
						{
							"name": "Validation Error",
							"originalRequest": {
								"method": "PUT",
								"header": [],
								"body": {
									"mode": "raw",
									"raw": "{}",
									"options": {
										"raw": {
											"language": "json"
										}
									}
								},
								"url": {
									"raw": "{{baseUrl}}/api/climate/zones/:zone_id/thermostat/state",
									"host": [
										"{{baseUrl}}"
									],
									"path": [
										"api",
										"climate",
										"zones",
										":zone_id",
										"thermostat",
										"state"
									],
									"variable": [
										{
											"key": "zone_id",
											"value": "57304568",
											"description": "(Required) "
										}
									]
								}
							},
							"status": "Unprocessable Entity (WebDAV) (RFC 4918)",
							"code": 422,
							"_postman_previewlanguage": "json",
							"header": [
								{
									"key": "Content-Type",
									"value": "application/json"
								}
							],
							"cookie": [],
							"body": "{\n  \"detail\": [\n    {\n      \"loc\": [\n        \"cillum amet\",\n        \"voluptate veniam\"\n      ],\n      \"msg\": \"dolor sit aute\",\n      \"type\": \"cillum\"\n    },\n    {\n      \"loc\": [\n        \"irure nostrud aute fugiat\",\n        \"et ex magna\"\n      ],\n      \"msg\": \"proident nisi est commodo sit\",\n      \"type\": \"magna labore mollit quis commodo\"\n    }\n  ]\n}"
						}
					]
				},
				{
					"name": "Set Thermostat State Invalid data",
					"event": [
						{
							"listen": "test",
							"script": {
								"exec": [
									"\r",
									"pm.test(\"API Status test\", function () {\r",
									"    pm.response.to.have.status(200);\r",
									"});\r",
									"\r",
									"\r",
									"pm.test(\"Successful PUT request\", function () {\r",
									"    pm.expect(pm.response.code).to.be.oneOf([201, 202,200,422]);\r",
									"});"
								],
								"type": "text/javascript"
							}
						}
					],
					"request": {
						"method": "PUT",
						"header": [
							{
								"key": "Content-Type",
								"value": "application/json"
							},
							{
								"key": "Accept",
								"value": "application/json"
							},
							{
								"key": "zone_id",
								"value": "1",
								"type": "text"
							}
						],
						"body": {
							"mode": "raw",
							"raw": "{\r\n          \"onOff\": 1,\r\n          \"mode\": \"FAN_ONLY\",\r\n          \"setTempHeat\": 60,\r\n          \"setTempCool\": 80,\r\n          \"unit\": \"F\"\r\n        }\r\n        ",
							"options": {
								"raw": {
									"language": "json"
								}
							}
						},
						"url": {
							"raw": "{{baseUrl}}/api/climate/zones/2/thermostat/state",
							"host": [
								"{{baseUrl}}"
							],
							"path": [
								"api",
								"climate",
								"zones",
								"2",
								"thermostat",
								"state"
							]
						},
						"description": "Sets the full state Request Body "
					},
					"response": [
						{
							"name": "Successful Response",
							"originalRequest": {
								"method": "PUT",
								"header": [],
								"body": {
									"mode": "raw",
									"raw": "{\r\n   \"onOff\": 1,\r\n  \"mode\": \"HEAT\"\r\n}",
									"options": {
										"raw": {
											"language": "json"
										}
									}
								},
								"url": {
									"raw": "{{baseUrl}}/api/climate/zones/:zone_id/thermostat/state",
									"host": [
										"{{baseUrl}}"
									],
									"path": [
										"api",
										"climate",
										"zones",
										":zone_id",
										"thermostat",
										"state"
									],
									"variable": [
										{
											"key": "zone_id",
											"value": "1",
											"description": "(Required) "
										}
									]
								}
							},
							"status": "OK",
							"code": 200,
							"_postman_previewlanguage": "json",
							"header": [
								{
									"key": "Content-Type",
									"value": "application/json"
								}
							],
							"cookie": [],
							"body": "{\r\n   \"onOff\": 1,\r\n  \"mode\": \"HEAT\"\r\n}"
						},
						{
							"name": "Validation Error",
							"originalRequest": {
								"method": "PUT",
								"header": [],
								"body": {
									"mode": "raw",
									"raw": "{}",
									"options": {
										"raw": {
											"language": "json"
										}
									}
								},
								"url": {
									"raw": "{{baseUrl}}/api/climate/zones/:zone_id/thermostat/state",
									"host": [
										"{{baseUrl}}"
									],
									"path": [
										"api",
										"climate",
										"zones",
										":zone_id",
										"thermostat",
										"state"
									],
									"variable": [
										{
											"key": "zone_id",
											"value": "57304568",
											"description": "(Required) "
										}
									]
								}
							},
							"status": "Unprocessable Entity (WebDAV) (RFC 4918)",
							"code": 422,
							"_postman_previewlanguage": "json",
							"header": [
								{
									"key": "Content-Type",
									"value": "application/json"
								}
							],
							"cookie": [],
							"body": "{\n  \"detail\": [\n    {\n      \"loc\": [\n        \"cillum amet\",\n        \"voluptate veniam\"\n      ],\n      \"msg\": \"dolor sit aute\",\n      \"type\": \"cillum\"\n    },\n    {\n      \"loc\": [\n        \"irure nostrud aute fugiat\",\n        \"et ex magna\"\n      ],\n      \"msg\": \"proident nisi est commodo sit\",\n      \"type\": \"magna labore mollit quis commodo\"\n    }\n  ]\n}"
						}
					]
				}
			]
		}
	]
}
