{
	"info": {
		"_postman_id": "3e85a79e-4499-48ed-9a58-cece41ed76fb",
		"name": "WinnConnect CAN Set State APIs",
		"schema": "https://schema.getpostman.com/json/collection/v2.1.0/collection.json",
		"_exporter_id": "2991672"
	},
	"item": [
		{
			"name": "BLE_SOURCE",
			"item": [
				{
					"name": "waterpump 1",
					"request": {
						"method": "GET",
						"header": [
							{
								"key": "source",
								"value": "BLE",
								"type": "text"
							}
						],
						"url": {
							"raw": "{{baseUrl}}/api/watersystems/wp/1/state",
							"host": [
								"{{baseUrl}}"
							],
							"path": [
								"api",
								"watersystems",
								"wp",
								"1",
								"state"
							]
						}
					},
					"response": []
				},
				{
					"name": "waterpump 1 On",
					"request": {
						"method": "PUT",
						"header": [
							{
								"key": "source",
								"value": "BLE",
								"type": "text"
							}
						],
						"body": {
							"mode": "raw",
							"raw": "{\n    \"onOff\": 1\n}",
							"options": {
								"raw": {
									"language": "json"
								}
							}
						},
						"url": {
							"raw": "{{baseUrl}}/api/watersystems/wp/1/state",
							"host": [
								"{{baseUrl}}"
							],
							"path": [
								"api",
								"watersystems",
								"wp",
								"1",
								"state"
							]
						}
					},
					"response": []
				},
				{
					"name": "waterpump 1 Off",
					"request": {
						"method": "PUT",
						"header": [
							{
								"key": "source",
								"value": "BLE",
								"type": "text"
							}
						],
						"body": {
							"mode": "raw",
							"raw": "{\n    \"onOff\": 0\n}",
							"options": {
								"raw": {
									"language": "json"
								}
							}
						},
						"url": {
							"raw": "{{baseUrl}}/api/watersystems/wp/1/state",
							"host": [
								"{{baseUrl}}"
							],
							"path": [
								"api",
								"watersystems",
								"wp",
								"1",
								"state"
							]
						}
					},
					"response": []
				}
			]
		},
		{
			"name": "IOT_SOURCE",
			"item": [
				{
					"name": "waterpump 1",
					"request": {
						"method": "GET",
						"header": [
							{
								"key": "source",
								"value": "platform",
								"type": "text"
							}
						],
						"url": {
							"raw": "{{baseUrl}}/api/watersystems/wp/1/state",
							"host": [
								"{{baseUrl}}"
							],
							"path": [
								"api",
								"watersystems",
								"wp",
								"1",
								"state"
							]
						}
					},
					"response": []
				},
				{
					"name": "waterpump 1 On",
					"request": {
						"method": "PUT",
						"header": [
							{
								"key": "source",
								"value": "platform",
								"type": "text"
							}
						],
						"body": {
							"mode": "raw",
							"raw": "{\n    \"onOff\": 1\n}",
							"options": {
								"raw": {
									"language": "json"
								}
							}
						},
						"url": {
							"raw": "{{baseUrl}}/api/watersystems/wp/1/state",
							"host": [
								"{{baseUrl}}"
							],
							"path": [
								"api",
								"watersystems",
								"wp",
								"1",
								"state"
							]
						}
					},
					"response": []
				},
				{
					"name": "waterpump 1 Off",
					"request": {
						"method": "PUT",
						"header": [
							{
								"key": "source",
								"value": "platform",
								"type": "text"
							}
						],
						"body": {
							"mode": "raw",
							"raw": "{\n    \"onOff\": 0\n}",
							"options": {
								"raw": {
									"language": "json"
								}
							}
						},
						"url": {
							"raw": "{{baseUrl}}/api/watersystems/wp/1/state",
							"host": [
								"{{baseUrl}}"
							],
							"path": [
								"api",
								"watersystems",
								"wp",
								"1",
								"state"
							]
						}
					},
					"response": []
				}
			]
		},
		{
			"name": "524X",
			"item": [
				{
					"name": "Watersystems",
					"item": [
						{
							"name": "524T Watersystems Water Heater - Decalcification Mode",
							"request": {
								"method": "PUT",
								"header": [],
								"body": {
									"mode": "raw",
									"raw": "{\n    \"title\": \"Set Water Heater Mode to decalcification\",\n    \"name\": \"waterheater_status_2\",\n    \"Instance\": \"1\",\n    \"Heat_Level\": \"DeCalc.(status only)\"\n}",
									"options": {
										"raw": {
											"language": "json"
										}
									}
								},
								"url": {
									"raw": "{{baseUrl}}/api/can/event/waterheater_status_2",
									"host": [
										"{{baseUrl}}"
									],
									"path": [
										"api",
										"can",
										"event",
										"waterheater_status_2"
									]
								}
							},
							"response": []
						},
						{
							"name": "524T Watersystems Water Heater - ECO",
							"request": {
								"method": "PUT",
								"header": [],
								"body": {
									"mode": "raw",
									"raw": "{\n    \"title\": \"Set Water Heater Mode to decalcification\",\n    \"name\": \"waterheater_status_2\",\n    \"Instance\": \"1\",\n    \"Heat_Level\": \"Low level (ECO)\"\n}",
									"options": {
										"raw": {
											"language": "json"
										}
									}
								},
								"url": {
									"raw": "{{baseUrl}}/api/can/event/waterheater_status_2",
									"host": [
										"{{baseUrl}}"
									],
									"path": [
										"api",
										"can",
										"event",
										"waterheater_status_2"
									]
								}
							},
							"response": []
						},
						{
							"name": "524T Watersystems Water Heater - On Combustion / Setpoint 40C",
							"request": {
								"method": "PUT",
								"header": [],
								"body": {
									"mode": "raw",
									"raw": "{\n    \"title\": \"Set Water Heater State Set_Point_temp to 40 C\",\n    \"name\": \"waterheater_status\",\n    \"Instance\": \"1\",\n    \"Operating_Mode\": \"combustion\",\n    \"Set_Point_Temperature\": \"40.5\"\n}",
									"options": {
										"raw": {
											"language": "json"
										}
									}
								},
								"url": {
									"raw": "{{baseUrl}}/api/can/event/waterheater_status",
									"host": [
										"{{baseUrl}}"
									],
									"path": [
										"api",
										"can",
										"event",
										"waterheater_status"
									]
								}
							},
							"response": []
						},
						{
							"name": "524T Watersystems Water Heater - TM62- LIN ERROR",
							"request": {
								"method": "PUT",
								"header": [],
								"body": {
									"mode": "raw",
									"raw": "{\n    \"name\": \"prop_tm620_config_status\",\n    \"Water_Heater_Instance\": \"1\",\n    \"LIN_Bus_Connection\": \"Connected\",\n    \"Truma_Water_Heater_Error\": \"Error\"\n}",
									"options": {
										"raw": {
											"language": "json"
										}
									}
								},
								"url": {
									"raw": "{{baseUrl}}/api/can/event/prop_tm620_config_status",
									"host": [
										"{{baseUrl}}"
									],
									"path": [
										"api",
										"can",
										"event",
										"prop_tm620_config_status"
									]
								}
							},
							"response": []
						},
						{
							"name": "524T Watersystems Water Heater - OFF",
							"request": {
								"method": "PUT",
								"header": [],
								"body": {
									"mode": "raw",
									"raw": "{\n    \"title\": \"Set Water Heater State Set_Point_temp to 40 C\",\n    \"name\": \"waterheater_status\",\n    \"Instance\": \"1\",\n    \"Operating_Mode\": \"Off\",\n    \"Set_Point_Temperature\": \"40\"\n}",
									"options": {
										"raw": {
											"language": "json"
										}
									}
								},
								"url": {
									"raw": "{{baseUrl}}/api/can/event/waterheater_status",
									"host": [
										"{{baseUrl}}"
									],
									"path": [
										"api",
										"can",
										"event",
										"waterheater_status"
									]
								}
							},
							"response": []
						},
						{
							"name": "524T Watersystems Water Heater - TRUMA OFF",
							"request": {
								"method": "PUT",
								"header": [],
								"body": {
									"mode": "raw",
									"raw": "{\n    \"Instance\": \"1\", \n    \"Operating_Mode\": \"Off\",\n    \"Heat_Set_Point\": \"42.0\", \n    \"msg_name\": \"WATERHEATER_STATUS\", \n    \"source_address\": \"64\", \n    \"instance_key\": \"19FFF764__0__1\"\n}",
									"options": {
										"raw": {
											"language": "json"
										}
									}
								},
								"url": {
									"raw": "http://localhost:8000/api/can/event/waterheater_status",
									"protocol": "http",
									"host": [
										"localhost"
									],
									"port": "8000",
									"path": [
										"api",
										"can",
										"event",
										"waterheater_status"
									]
								}
							},
							"response": []
						},
						{
							"name": "524T Watersystems Water Heater - TRUMA ON",
							"request": {
								"method": "PUT",
								"header": [],
								"body": {
									"mode": "raw",
									"raw": "{\n    \"Instance\": \"1\", \n    \"Operating_Mode\": \"Combustion (Aquago/Combi)\",\n    \"Heat_Set_Point\": \"42.0\", \n    \"msg_name\": \"WATERHEATER_STATUS\", \n    \"source_address\": \"64\", \n    \"instance_key\": \"19FFF764__0__1\"\n}",
									"options": {
										"raw": {
											"language": "json"
										}
									}
								},
								"url": {
									"raw": "http://localhost:8000/api/can/event/waterheater_status",
									"protocol": "http",
									"host": [
										"localhost"
									],
									"port": "8000",
									"path": [
										"api",
										"can",
										"event",
										"waterheater_status"
									]
								}
							},
							"response": []
						},
						{
							"name": "524T Watersystems Black Tank - Empty",
							"request": {
								"method": "PUT",
								"header": [],
								"body": {
									"mode": "raw",
									"raw": "{\n    \"title\": \"Set Black Tank Level to Emtpy\",\n    \"Instance\": \"3\",\n    \"Fluid_Type\": \"BLACK\",\n    \"Fluid_Level\": \"0\",\n    \"Tank_Capacity\": \"0.0795\",\n    \"NMEA_Reserved\": \"255\",\n    \"name\": \"FLUID_LEVEL\"\n}",
									"options": {
										"raw": {
											"language": "json"
										}
									}
								},
								"url": {
									"raw": "{{baseUrl}}/api/can/event/fluid_level",
									"host": [
										"{{baseUrl}}"
									],
									"path": [
										"api",
										"can",
										"event",
										"fluid_level"
									]
								}
							},
							"response": []
						},
						{
							"name": "524T Watersystems Black Tank - 50%",
							"request": {
								"method": "PUT",
								"header": [],
								"body": {
									"mode": "raw",
									"raw": "{\n    \"title\": \"Set Black Tank Level to Emtpy\",\n    \"Instance\": \"3\",\n    \"Fluid_Type\": \"BLACK\",\n    \"Fluid_Level\": \"50\",\n    \"Tank_Capacity\": \"0.0795\",\n    \"NMEA_Reserved\": \"255\",\n    \"name\": \"FLUID_LEVEL\"\n}",
									"options": {
										"raw": {
											"language": "json"
										}
									}
								},
								"url": {
									"raw": "{{baseUrl}}/api/can/event/fluid_level",
									"host": [
										"{{baseUrl}}"
									],
									"path": [
										"api",
										"can",
										"event",
										"fluid_level"
									]
								}
							},
							"response": []
						},
						{
							"name": "524T Watersystems Black Tank - 90%",
							"request": {
								"method": "PUT",
								"header": [],
								"body": {
									"mode": "raw",
									"raw": "{\n    \"title\": \"Set Black Tank Level to Emtpy\",\n    \"Instance\": \"3\",\n    \"Fluid_Type\": \"BLACK\",\n    \"Fluid_Level\": \"90\",\n    \"Tank_Capacity\": \"0.0795\",\n    \"NMEA_Reserved\": \"255\",\n    \"name\": \"FLUID_LEVEL\"\n}",
									"options": {
										"raw": {
											"language": "json"
										}
									}
								},
								"url": {
									"raw": "http://localhost:8000/api/can/event/fluid_level",
									"protocol": "http",
									"host": [
										"localhost"
									],
									"port": "8000",
									"path": [
										"api",
										"can",
										"event",
										"fluid_level"
									]
								}
							},
							"response": []
						},
						{
							"name": "524T Watersystems Black Tank - 95%",
							"request": {
								"method": "PUT",
								"header": [],
								"body": {
									"mode": "raw",
									"raw": "{\n    \"title\": \"Set Black Tank Level to 95%\",\n    \"Instance\": \"3\",\n    \"Fluid_Type\": \"BLACK\",\n    \"Fluid_Level\": \"95\",\n    \"Tank_Capacity\": \"0.0795\",\n    \"NMEA_Reserved\": \"255\",\n    \"name\": \"FLUID_LEVEL\"\n}",
									"options": {
										"raw": {
											"language": "json"
										}
									}
								},
								"url": {
									"raw": "http://localhost:8000/api/can/event/fluid_level",
									"protocol": "http",
									"host": [
										"localhost"
									],
									"port": "8000",
									"path": [
										"api",
										"can",
										"event",
										"fluid_level"
									]
								}
							},
							"response": []
						},
						{
							"name": "524T Watersystems Black Tank - 100%",
							"request": {
								"method": "PUT",
								"header": [],
								"body": {
									"mode": "raw",
									"raw": "{\n    \"title\": \"Set Black Tank Level to Emtpy\",\n    \"Instance\": \"3\",\n    \"Fluid_Type\": \"BLACK\",\n    \"Fluid_Level\": \"100\",\n    \"Tank_Capacity\": \"0.0795\",\n    \"NMEA_Reserved\": \"255\",\n    \"name\": \"FLUID_LEVEL\"\n}",
									"options": {
										"raw": {
											"language": "json"
										}
									}
								},
								"url": {
									"raw": "{{baseUrl}}/api/can/event/fluid_level",
									"host": [
										"{{baseUrl}}"
									],
									"path": [
										"api",
										"can",
										"event",
										"fluid_level"
									]
								}
							},
							"response": []
						},
						{
							"name": "524T Watersystems Gray Tank - 100%",
							"request": {
								"method": "PUT",
								"header": [],
								"body": {
									"mode": "raw",
									"raw": "{\n    \"title\": \"Set Black Tank Level to Emtpy\",\n    \"Instance\": \"2\",\n    \"Fluid_Type\": \"WASTE\",\n    \"Fluid_Level\": \"100\",\n    \"Tank_Capacity\": \"0.0795\",\n    \"NMEA_Reserved\": \"255\",\n    \"name\": \"FLUID_LEVEL\"\n}",
									"options": {
										"raw": {
											"language": "json"
										}
									}
								},
								"url": {
									"raw": "http://localhost:8000/api/can/event/fluid_level",
									"protocol": "http",
									"host": [
										"localhost"
									],
									"port": "8000",
									"path": [
										"api",
										"can",
										"event",
										"fluid_level"
									]
								}
							},
							"response": []
						},
						{
							"name": "524T Watersystems Fresh Tank - 33%",
							"request": {
								"method": "PUT",
								"header": [],
								"body": {
									"mode": "raw",
									"raw": "{\n    \"title\": \"Set Black Tank Level to Emtpy\",\n    \"Instance\": \"1\",\n    \"Fluid_Type\": \"FRESH\",\n    \"Fluid_Level\": \"33\",\n    \"Tank_Capacity\": \"0.0795\",\n    \"NMEA_Reserved\": \"255\",\n    \"name\": \"FLUID_LEVEL\"\n}",
									"options": {
										"raw": {
											"language": "json"
										}
									}
								},
								"url": {
									"raw": "http://localhost:8000/api/can/event/fluid_level",
									"protocol": "http",
									"host": [
										"localhost"
									],
									"port": "8000",
									"path": [
										"api",
										"can",
										"event",
										"fluid_level"
									]
								}
							},
							"response": []
						}
					]
				},
				{
					"name": "Energy",
					"item": [
						{
							"name": "524T - Energy - BMS - 100% - Discharging",
							"request": {
								"method": "PUT",
								"header": [],
								"body": {
									"mode": "raw",
									"raw": "{\n    \"DC_Instance\": \"Main House Battery Bank\",\n    \"Device_Priority\": \"Battery SOC/BMS device\",\n    \"Source_Temperature\": \"23.0\",\n    \"State_Of_Charge\": \"16\",\n    \"Time_Remaining\": \"604\",\n    \"Time_Remaining_Interpretation\": \"Time to Empty\",\n    \"name\": \"DC_SOURCE_STATUS_2\"\n}",
									"options": {
										"raw": {
											"language": "json"
										}
									}
								},
								"url": {
									"raw": "http://localhost:8000/api/can/event/dc_source_status_2",
									"protocol": "http",
									"host": [
										"localhost"
									],
									"port": "8000",
									"path": [
										"api",
										"can",
										"event",
										"dc_source_status_2"
									]
								}
							},
							"response": []
						},
						{
							"name": "524T - Energy - BMS - 50% - Discharging",
							"request": {
								"method": "PUT",
								"header": [],
								"body": {
									"mode": "raw",
									"raw": "{\n    \"DC_Instance\": \"Main House Battery Bank\",\n    \"Device_Priority\": \"Battery SOC/BMS device\",\n    \"Source_Temperature\": \"23.0\",\n    \"State_Of_Charge\": \"50.0\",\n    \"Time_Remaining\": \"604\",\n    \"Time_Remaining_Interpretation\": \"Time to Empty\",\n    \"name\": \"DC_SOURCE_STATUS_2\"\n}",
									"options": {
										"raw": {
											"language": "json"
										}
									}
								},
								"url": {
									"raw": "http://localhost:8000/api/can/event/dc_source_status_2",
									"protocol": "http",
									"host": [
										"localhost"
									],
									"port": "8000",
									"path": [
										"api",
										"can",
										"event",
										"dc_source_status_2"
									]
								}
							},
							"response": []
						},
						{
							"name": "524T - Energy - BMS - 50% - Charging",
							"request": {
								"method": "PUT",
								"header": [],
								"body": {
									"mode": "raw",
									"raw": "{\n    \"DC_Instance\": \"Main House Battery Bank\",\n    \"Device_Priority\": \"Battery SOC/BMS device\",\n    \"Source_Temperature\": \"23.0\",\n    \"State_Of_Charge\": \"50.0\",\n    \"Time_Remaining\": \"201\",\n    \"Time_Remaining_Interpretation\": \"Time to Full\",\n    \"name\": \"DC_SOURCE_STATUS_2\"\n}",
									"options": {
										"raw": {
											"language": "json"
										}
									}
								},
								"url": {
									"raw": "http://localhost:8000/api/can/event/dc_source_status_2",
									"protocol": "http",
									"host": [
										"localhost"
									],
									"port": "8000",
									"path": [
										"api",
										"can",
										"event",
										"dc_source_status_2"
									]
								}
							},
							"response": []
						},
						{
							"name": "524T - Energy - BMS - 16% - Discharging",
							"request": {
								"method": "PUT",
								"header": [],
								"body": {
									"mode": "raw",
									"raw": "{\n    \"DC_Instance\": \"Main House Battery Bank\",\n    \"Device_Priority\": \"Battery SOC/BMS device\",\n    \"Source_Temperature\": \"23.0\",\n    \"State_Of_Charge\": \"16\",\n    \"Time_Remaining\": \"604\",\n    \"Time_Remaining_Interpretation\": \"Time to Empty\",\n    \"name\": \"DC_SOURCE_STATUS_2\"\n}",
									"options": {
										"raw": {
											"language": "json"
										}
									}
								},
								"url": {
									"raw": "http://localhost:8000/api/can/event/dc_source_status_2",
									"protocol": "http",
									"host": [
										"localhost"
									],
									"port": "8000",
									"path": [
										"api",
										"can",
										"event",
										"dc_source_status_2"
									]
								}
							},
							"response": []
						},
						{
							"name": "524T - Energy - BMS - 15% - Discharging",
							"request": {
								"method": "PUT",
								"header": [],
								"body": {
									"mode": "raw",
									"raw": "{\n    \"DC_Instance\": \"Main House Battery Bank\",\n    \"Device_Priority\": \"Battery SOC/BMS device\",\n    \"Source_Temperature\": \"23.0\",\n    \"State_Of_Charge\": \"15\",\n    \"Time_Remaining\": \"604\",\n    \"Time_Remaining_Interpretation\": \"Time to Empty\",\n    \"name\": \"DC_SOURCE_STATUS_2\"\n}",
									"options": {
										"raw": {
											"language": "json"
										}
									}
								},
								"url": {
									"raw": "http://localhost:8000/api/can/event/dc_source_status_2",
									"protocol": "http",
									"host": [
										"localhost"
									],
									"port": "8000",
									"path": [
										"api",
										"can",
										"event",
										"dc_source_status_2"
									]
								}
							},
							"response": []
						},
						{
							"name": "524T - Energy - BMS - 0%",
							"request": {
								"method": "PUT",
								"header": [],
								"body": {
									"mode": "raw",
									"raw": "{\n    \"DC_Instance\": \"Main House Battery Bank\",\n    \"Device_Priority\": \"Battery SOC/BMS device\",\n    \"Source_Temperature\": \"23.0\",\n    \"State_Of_Charge\": \"15\",\n    \"Time_Remaining\": \"604\",\n    \"Time_Remaining_Interpretation\": \"Time to Empty\",\n    \"name\": \"DC_SOURCE_STATUS_2\"\n}",
									"options": {
										"raw": {
											"language": "json"
										}
									}
								},
								"url": {
									"raw": "http://localhost:8000/api/can/event/dc_source_status_2",
									"protocol": "http",
									"host": [
										"localhost"
									],
									"port": "8000",
									"path": [
										"api",
										"can",
										"event",
										"dc_source_status_2"
									]
								}
							},
							"response": []
						},
						{
							"name": "524T - Energy - BMS - Voltage LOW",
							"request": {
								"method": "PUT",
								"header": [],
								"body": {
									"mode": "raw",
									"raw": "{\n    \"title\": \"House Battery Low\",\n    \"DC_Instance\": \"Main House Battery Bank\",\n    \"DC_Voltage\": \"12.7\",\n    \"DC_Current\": \"160.0\",\n    \"name\": \"DC_SOURCE_STATUS_1\"\n}",
									"options": {
										"raw": {
											"language": "json"
										}
									}
								},
								"url": {
									"raw": "http://localhost:8000/api/can/event/dc_source_status_1",
									"protocol": "http",
									"host": [
										"localhost"
									],
									"port": "8000",
									"path": [
										"api",
										"can",
										"event",
										"dc_source_status_1"
									]
								}
							},
							"response": []
						},
						{
							"name": "524T - Energy - Solar - 0 W Incoming",
							"request": {
								"method": "PUT",
								"header": [],
								"body": {
									"mode": "raw",
									"raw": "{\n    \"title\": \"Set Solar - 0 Watts\",\n    \"Instance\": \"1\",\n    \"Charge_Voltage\": \"12.3\",\n    \"Charge_Current\": \"0\",\n    \"name\": \"solar_controller_status\"\n}",
									"options": {
										"raw": {
											"language": "json"
										}
									}
								},
								"url": {
									"raw": "http://localhost:8000/api/can/event/solar_controller_status",
									"protocol": "http",
									"host": [
										"localhost"
									],
									"port": "8000",
									"path": [
										"api",
										"can",
										"event",
										"solar_controller_status"
									]
								}
							},
							"response": []
						},
						{
							"name": "524T - Energy - Solar - 120 W Incoming",
							"request": {
								"method": "PUT",
								"header": [],
								"body": {
									"mode": "raw",
									"raw": "{\n    \"title\": \"Set Solar - 120 Watts\",\n    \"Instance\": \"1\",\n    \"Charge_Voltage\": \"12.0\",\n    \"Charge_Current\": \"10\",\n    \"name\": \"solar_controller_status\"\n}",
									"options": {
										"raw": {
											"language": "json"
										}
									}
								},
								"url": {
									"raw": "{{baseUrl}}/api/can/event/solar_controller_status",
									"host": [
										"{{baseUrl}}"
									],
									"path": [
										"api",
										"can",
										"event",
										"solar_controller_status"
									]
								}
							},
							"response": []
						},
						{
							"name": "524T - Energy - DC Consumer",
							"request": {
								"method": "PUT",
								"header": [],
								"body": {
									"mode": "raw",
									"raw": "{\n    \"Instance\": \"252\",\n    \"Battery_Voltage\": \"13.13\",\n    \"Battery_Current\": \"-0.2\",\n    \"Sequence_Id\": \"0\",\n    \"msg_name\": \"Battery_Status\",\n    \"source_address\": \"97\",\n    \"instance_key\": \"19F21497__0__252\"\n}",
									"options": {
										"raw": {
											"language": "json"
										}
									}
								},
								"url": {
									"raw": "http://localhost:8000/api/can/event/battery_status",
									"protocol": "http",
									"host": [
										"localhost"
									],
									"port": "8000",
									"path": [
										"api",
										"can",
										"event",
										"battery_status"
									]
								}
							},
							"response": []
						},
						{
							"name": "524T - Energy - DC Meter - Tank",
							"request": {
								"method": "PUT",
								"header": [],
								"body": {
									"mode": "raw",
									"raw": "{\n    \"Instance\": \"252\",\n    \"Battery_Voltage\": \"13.13\",\n    \"Battery_Current\": \"-0.2\",\n    \"Sequence_Id\": \"0\",\n    \"msg_name\": \"Battery_Status\",\n    \"source_address\": \"97\",\n    \"instance_key\": \"19F21497__0__252\"\n}",
									"options": {
										"raw": {
											"language": "json"
										}
									}
								},
								"url": {
									"raw": "http://localhost:8000/api/can/event/battery_status",
									"protocol": "http",
									"host": [
										"localhost"
									],
									"port": "8000",
									"path": [
										"api",
										"can",
										"event",
										"battery_status"
									]
								}
							},
							"response": []
						},
						{
							"name": "524T - Energy - Inverter Load - Overload",
							"request": {
								"method": "PUT",
								"header": [],
								"body": {
									"mode": "raw",
									"raw": "{\n    \"Instance\": \"1\",\n    \"RMS_Voltage\": \"120.0\",\n    \"RMS_Current\": \"20.0\",\n    \"Frequency\": \"\",\n    \"name\": \"inverter_ac_status_1\"\n}",
									"options": {
										"raw": {
											"language": "json"
										}
									}
								},
								"url": {
									"raw": "{{baseUrl}}/api/can/event/inverter_ac_status_1",
									"host": [
										"{{baseUrl}}"
									],
									"path": [
										"api",
										"can",
										"event",
										"inverter_ac_status_1"
									]
								}
							},
							"response": []
						},
						{
							"name": "524T - Energy - Inverter Load - Warning - 1680W",
							"request": {
								"method": "PUT",
								"header": [],
								"body": {
									"mode": "raw",
									"raw": "{\n    \"Instance\": \"1\",\n    \"RMS_Voltage\": \"120.0\",\n    \"RMS_Current\": \"14.0\",\n    \"Frequency\": \"\",\n    \"name\": \"inverter_ac_status_1\"\n}",
									"options": {
										"raw": {
											"language": "json"
										}
									}
								},
								"url": {
									"raw": "{{baseUrl}}/api/can/event/inverter_ac_status_1",
									"host": [
										"{{baseUrl}}"
									],
									"path": [
										"api",
										"can",
										"event",
										"inverter_ac_status_1"
									]
								}
							},
							"response": []
						},
						{
							"name": "524T - Energy - Inverter Load - OK - 1200W",
							"request": {
								"method": "PUT",
								"header": [],
								"body": {
									"mode": "raw",
									"raw": "{\n    \"Instance\": \"1\",\n    \"RMS_Voltage\": \"120.0\",\n    \"RMS_Current\": \"10.0\",\n    \"Frequency\": \"\",\n    \"name\": \"inverter_ac_status_1\"\n}",
									"options": {
										"raw": {
											"language": "json"
										}
									}
								},
								"url": {
									"raw": "{{baseUrl}}/api/can/event/inverter_ac_status_1",
									"host": [
										"{{baseUrl}}"
									],
									"path": [
										"api",
										"can",
										"event",
										"inverter_ac_status_1"
									]
								}
							},
							"response": []
						},
						{
							"name": "524T - Energy - Inverter Load - 0",
							"request": {
								"method": "PUT",
								"header": [],
								"body": {
									"mode": "raw",
									"raw": "{\n    \"Instance\": \"1\",\n    \"RMS_Voltage\": \"120.0\",\n    \"RMS_Current\": \"0.0\",\n    \"Frequency\": \"60\",\n    \"name\": \"inverter_ac_status_1\"\n}",
									"options": {
										"raw": {
											"language": "json"
										}
									}
								},
								"url": {
									"raw": "{{baseUrl}}/api/can/event/inverter_ac_status_1",
									"host": [
										"{{baseUrl}}"
									],
									"path": [
										"api",
										"can",
										"event",
										"inverter_ac_status_1"
									]
								}
							},
							"response": []
						},
						{
							"name": "524T - Energy - Shore",
							"request": {
								"method": "PUT",
								"header": [],
								"body": {
									"mode": "raw",
									"raw": "{\n    \"Instance\": \"1\",\n    \"RMS_Voltage\": \"120.0\",\n    \"RMS_Current\": \"20.0\",\n    \"Frequency\": \"\",\n    \"name\": \"inverter_ac_status_1\"\n}",
									"options": {
										"raw": {
											"language": "json"
										}
									}
								},
								"url": {
									"raw": "http://localhost:8000/api/can/event/inverter_ac_status_1",
									"protocol": "http",
									"host": [
										"localhost"
									],
									"port": "8000",
									"path": [
										"api",
										"can",
										"event",
										"inverter_ac_status_1"
									]
								}
							},
							"response": []
						},
						{
							"name": "524T - Energy - Shore Input",
							"request": {
								"method": "PUT",
								"header": [],
								"body": {
									"mode": "raw",
									"raw": "{\n    \"Instance\": \"1\",\n    \"RMS_Voltage\": \"120.0\",\n    \"RMS_Current\": \"10.0\",\n    \"Frequency\": \"60\",\n    \"name\": \"charger_ac_status_1\"\n}",
									"options": {
										"raw": {
											"language": "json"
										}
									}
								},
								"url": {
									"raw": "{{baseUrl}}/api/can/event/charger_ac_status_1",
									"host": [
										"{{baseUrl}}"
									],
									"path": [
										"api",
										"can",
										"event",
										"charger_ac_status_1"
									]
								}
							},
							"response": []
						},
						{
							"name": "524T - Energy - Shore Input Off",
							"request": {
								"method": "PUT",
								"header": [],
								"body": {
									"mode": "raw",
									"raw": "{\n    \"Instance\": \"1\",\n    \"RMS_Voltage\": \"120.0\",\n    \"RMS_Current\": \"0.0\",\n    \"Frequency\": \"60\",\n    \"name\": \"charger_ac_status_1\"\n}",
									"options": {
										"raw": {
											"language": "json"
										}
									}
								},
								"url": {
									"raw": "{{baseUrl}}/api/can/event/charger_ac_status_1",
									"host": [
										"{{baseUrl}}"
									],
									"path": [
										"api",
										"can",
										"event",
										"charger_ac_status_1"
									]
								}
							},
							"response": []
						},
						{
							"name": "524T - Energy - Shore Input Invalid",
							"request": {
								"method": "PUT",
								"header": [],
								"body": {
									"mode": "raw",
									"raw": "{\n    \"Instance\": \"1\",\n    \"RMS_Voltage\": \"120.0\",\n    \"RMS_Current\": \"Data Invalid\",\n    \"Frequency\": \"\",\n    \"name\": \"charger_ac_status_1\"\n}",
									"options": {
										"raw": {
											"language": "json"
										}
									}
								},
								"url": {
									"raw": "{{baseUrl}}/api/can/event/charger_ac_status_1",
									"host": [
										"{{baseUrl}}"
									],
									"path": [
										"api",
										"can",
										"event",
										"charger_ac_status_1"
									]
								}
							},
							"response": []
						},
						{
							"name": "524T - Energy - LP - 100%",
							"request": {
								"method": "PUT",
								"header": [],
								"body": {
									"mode": "raw",
									"raw": "{\n    \"title\": \"Set Black Tank Level to Emtpy\",\n    \"Instance\": \"4\",\n    \"Fluid_Type\": \"BLACK\",\n    \"Fluid_Level\": \"100\",\n    \"Tank_Capacity\": \"0.0795\",\n    \"NMEA_Reserved\": \"255\",\n    \"name\": \"FLUID_LEVEL\"\n}",
									"options": {
										"raw": {
											"language": "json"
										}
									}
								},
								"url": {
									"raw": "{{baseUrl}}/api/can/event/fluid_level",
									"host": [
										"{{baseUrl}}"
									],
									"path": [
										"api",
										"can",
										"event",
										"fluid_level"
									]
								}
							},
							"response": []
						}
					]
				},
				{
					"name": "Climate",
					"item": [
						{
							"name": "524T Climate - Interior Temp",
							"request": {
								"method": "PUT",
								"header": [],
								"body": {
									"mode": "raw",
									"raw": "{\n    \"title\": \"Set interior temp\",\n    \"name\": \"thermostat_ambient_status\",\n    \"Instance\": \"2\",\n    \"Ambient_Temp\": \"10\"\n}",
									"options": {
										"raw": {
											"language": "json"
										}
									}
								},
								"url": {
									"raw": "{{baseUrl}}/api/can/event/thermostat_ambient_status",
									"host": [
										"{{baseUrl}}"
									],
									"path": [
										"api",
										"can",
										"event",
										"thermostat_ambient_status"
									]
								}
							},
							"response": []
						},
						{
							"name": "524T Climate - Interior Temp High",
							"request": {
								"method": "PUT",
								"header": [],
								"body": {
									"mode": "raw",
									"raw": "{\n    \"title\": \"Set interior temp\",\n    \"name\": \"thermostat_ambient_status\",\n    \"Instance\": \"2\",\n    \"Ambient_Temp\": \"50\"\n}",
									"options": {
										"raw": {
											"language": "json"
										}
									}
								},
								"url": {
									"raw": "{{baseUrl}}/api/can/event/thermostat_ambient_status",
									"host": [
										"{{baseUrl}}"
									],
									"path": [
										"api",
										"can",
										"event",
										"thermostat_ambient_status"
									]
								}
							},
							"response": []
						},
						{
							"name": "524T Climate - Interior Temp OK",
							"request": {
								"method": "PUT",
								"header": [],
								"body": {
									"mode": "raw",
									"raw": "{\n    \"title\": \"Set interior temp\",\n    \"name\": \"thermostat_ambient_status\",\n    \"Instance\": \"2\",\n    \"Ambient_Temp\": \"20\"\n}",
									"options": {
										"raw": {
											"language": "json"
										}
									}
								},
								"url": {
									"raw": "{{baseUrl}}/api/can/event/thermostat_ambient_status",
									"host": [
										"{{baseUrl}}"
									],
									"path": [
										"api",
										"can",
										"event",
										"thermostat_ambient_status"
									]
								}
							},
							"response": []
						},
						{
							"name": "524T Climate - Interior Temp Data Invalid",
							"request": {
								"method": "PUT",
								"header": [],
								"body": {
									"mode": "raw",
									"raw": "{\n    \"title\": \"Set interior temp\",\n    \"name\": \"thermostat_ambient_status\",\n    \"Instance\": \"2\",\n    \"Ambient_Temp\": \"Data Invalid\"\n}",
									"options": {
										"raw": {
											"language": "json"
										}
									}
								},
								"url": {
									"raw": "{{baseUrl}}/api/can/event/thermostat_ambient_status",
									"host": [
										"{{baseUrl}}"
									],
									"path": [
										"api",
										"can",
										"event",
										"thermostat_ambient_status"
									]
								}
							},
							"response": []
						},
						{
							"name": "524T Climate - Interior Temp 0F",
							"request": {
								"method": "PUT",
								"header": [],
								"body": {
									"mode": "raw",
									"raw": "{\n    \"title\": \"Set interior temp\",\n    \"name\": \"thermostat_ambient_status\",\n    \"Instance\": \"2\",\n    \"Ambient_Temp\": \"-17.78125\"\n}",
									"options": {
										"raw": {
											"language": "json"
										}
									}
								},
								"url": {
									"raw": "{{baseUrl}}/api/can/event/thermostat_ambient_status",
									"host": [
										"{{baseUrl}}"
									],
									"path": [
										"api",
										"can",
										"event",
										"thermostat_ambient_status"
									]
								}
							},
							"response": []
						},
						{
							"name": "524T Climate - Exterior Temp",
							"request": {
								"method": "PUT",
								"header": [],
								"body": {
									"mode": "raw",
									"raw": "{\n    \"title\": \"Set Exterior temp\",\n    \"name\": \"thermostat_ambient_status\",\n    \"Instance\": \"249\",\n    \"Ambient_Temp\": \"0\"\n}",
									"options": {
										"raw": {
											"language": "json"
										}
									}
								},
								"url": {
									"raw": "{{baseUrl}}/api/can/event/thermostat_ambient_status",
									"host": [
										"{{baseUrl}}"
									],
									"path": [
										"api",
										"can",
										"event",
										"thermostat_ambient_status"
									]
								}
							},
							"response": []
						}
					]
				},
				{
					"name": "Refrigerator",
					"item": [
						{
							"name": "524T Climate - Refrigerator - TM1010",
							"request": {
								"method": "PUT",
								"header": [],
								"body": {
									"mode": "raw",
									"raw": "{\n    \"title\": \"Set interior temp\",\n    \"name\": \"thermostat_ambient_status\",\n    \"Instance\": \"250\",\n    \"Ambient_Temp\": \"4\"\n}",
									"options": {
										"raw": {
											"language": "json"
										}
									}
								},
								"url": {
									"raw": "{{baseUrl}}/api/can/event/thermostat_ambient_status",
									"host": [
										"{{baseUrl}}"
									],
									"path": [
										"api",
										"can",
										"event",
										"thermostat_ambient_status"
									]
								}
							},
							"response": []
						}
					]
				},
				{
					"name": "Electrical",
					"item": [
						{
							"name": "RV_SWITCH_INPUT_4",
							"request": {
								"method": "PUT",
								"header": [],
								"body": {
									"mode": "raw",
									"raw": "{\n    \"Manufacturer_Code\": \"BEP Marine\",\n    \"Dipswitch\": \"128\",\n    \"Instance\": \"4\",\n    \"Output1\": \"1\",\n    \"Output2\": \"1\",\n    \"Output3\": \"1\",\n    \"Output4\": \"1\",\n    \"Output5\": \"1\",\n    \"Output6\": \"1\",\n    \"Output7\": \"1\",\n    \"Output8\": \"1\",\n    \"Output9\": \"1\",\n    \"Output10\": \"1\",\n    \"Output11\": \"1\",\n    \"Output12\": \"1\",\n    \"Output13\": \"1\",\n    \"Output14\": \"1\",\n    \"Output15\": \"1\",\n    \"Output16\": \"1\",\n    \"Output17\": \"1\",\n    \"Output18\": \"1\",\n    \"Output19\": \"1\",\n    \"Output20\": \"1\",\n    \"Output21\": \"1\",\n    \"Output22\": \"1\",\n    \"Output23\": \"1\",\n    \"Output24\": \"1\",\n    \"Output25\": \"1\",\n    \"Output26\": \"1\",\n    \"Output27\": \"1\",\n    \"Output28\": \"1\",\n    \"Output29\": \"1\",\n    \"Output30\": \"1\",\n    \"Output31\": \"1\",\n    \"Output32\": \"1\",\n    \"name\": \"RvSwitch\"\n}",
									"options": {
										"raw": {
											"language": "json"
										}
									}
								},
								"url": {
									"raw": "http://localhost:8000/api/can/event/rvswitch",
									"protocol": "http",
									"host": [
										"localhost"
									],
									"port": "8000",
									"path": [
										"api",
										"can",
										"event",
										"rvswitch"
									]
								}
							},
							"response": []
						},
						{
							"name": "RV_SWITCH_INPUT_6",
							"request": {
								"method": "PUT",
								"header": [],
								"body": {
									"mode": "raw",
									"raw": "{\n    \"Manufacturer_Code\": \"BEP Marine\",\n    \"Dipswitch\": \"128\",\n    \"Instance\": \"6\",\n    \"Output1\": \"1\",\n    \"Output2\": \"1\",\n    \"Output3\": \"1\",\n    \"Output4\": \"1\",\n    \"Output5\": \"1\",\n    \"Output6\": \"1\",\n    \"Output7\": \"1\",\n    \"Output8\": \"1\",\n    \"Output9\": \"1\",\n    \"Output10\": \"1\",\n    \"Output11\": \"1\",\n    \"Output12\": \"1\",\n    \"Output13\": \"1\",\n    \"Output14\": \"1\",\n    \"Output15\": \"1\",\n    \"Output16\": \"1\",\n    \"Output17\": \"1\",\n    \"Output18\": \"1\",\n    \"Output19\": \"1\",\n    \"Output20\": \"1\",\n    \"Output21\": \"1\",\n    \"Output22\": \"1\",\n    \"Output23\": \"1\",\n    \"Output24\": \"1\",\n    \"Output25\": \"1\",\n    \"Output26\": \"1\",\n    \"Output27\": \"1\",\n    \"Output28\": \"1\",\n    \"Output29\": \"1\",\n    \"Output30\": \"1\",\n    \"Output31\": \"1\",\n    \"Output32\": \"1\",\n    \"name\": \"RvSwitch\"\n}",
									"options": {
										"raw": {
											"language": "json"
										}
									}
								},
								"url": {
									"raw": "http://localhost:8000/api/can/event/rvswitch",
									"protocol": "http",
									"host": [
										"localhost"
									],
									"port": "8000",
									"path": [
										"api",
										"can",
										"event",
										"rvswitch"
									]
								}
							},
							"response": []
						},
						{
							"name": "RV_INPUT - Ignition",
							"request": {
								"method": "PUT",
								"header": [],
								"body": {
									"mode": "raw",
									"raw": "{\n    \"Manufacturer_Code\": \"BEP Marine\",\n    \"Dipswitch\": \"128\",\n    \"Instance\": \"4\",\n    // Ignition State 1 On / 0 Off\n    \"Output5\": \"0\",\n    \"name\": \"RvSwitch\"\n}",
									"options": {
										"raw": {
											"language": "json"
										}
									}
								},
								"url": {
									"raw": "http://localhost:8000/api/can/event/rvswitch",
									"protocol": "http",
									"host": [
										"localhost"
									],
									"port": "8000",
									"path": [
										"api",
										"can",
										"event",
										"rvswitch"
									]
								}
							},
							"response": []
						},
						{
							"name": "RV_INPUT - Generator RUNNING",
							"request": {
								"method": "PUT",
								"header": [],
								"body": {
									"mode": "raw",
									"raw": "{\n    \"Manufacturer_Code\": \"BEP Marine\",\n    \"Dipswitch\": \"128\",\n    \"Instance\": \"4\",\n    // Ignition State 1 On / 0 Off\n    // \"Output5\": \"0\",\n    \"Output13\": \"1\",\n    \"name\": \"RvSwitch\"\n}",
									"options": {
										"raw": {
											"language": "json"
										}
									}
								},
								"url": {
									"raw": "{{baseUrl}}/api/can/event/rvswitch",
									"host": [
										"{{baseUrl}}"
									],
									"path": [
										"api",
										"can",
										"event",
										"rvswitch"
									]
								}
							},
							"response": []
						},
						{
							"name": "RV_INPUT - Generator STOPPED",
							"request": {
								"method": "PUT",
								"header": [],
								"body": {
									"mode": "raw",
									"raw": "{\n    \"Manufacturer_Code\": \"BEP Marine\",\n    \"Dipswitch\": \"128\",\n    \"Instance\": \"4\",\n    // Ignition State 1 On / 0 Off\n    // \"Output5\": \"0\",\n    \"Output13\": \"0\",\n    \"name\": \"RvSwitch\"\n}",
									"options": {
										"raw": {
											"language": "json"
										}
									}
								},
								"url": {
									"raw": "http://localhost:8000/api/can/event/rvswitch",
									"protocol": "http",
									"host": [
										"localhost"
									],
									"port": "8000",
									"path": [
										"api",
										"can",
										"event",
										"rvswitch"
									]
								}
							},
							"response": []
						},
						{
							"name": "RV_INPUT - Ignition On",
							"request": {
								"method": "PUT",
								"header": [],
								"body": {
									"mode": "raw",
									"raw": "{\n    \"Manufacturer_Code\": \"BEP Marine\",\n    \"Dipswitch\": \"128\",\n    \"Instance\": \"4\",\n    // Ignition State 1 On / 0 Off\n    \"Output5\": \"1\",\n    \"name\": \"RvSwitch\"\n}",
									"options": {
										"raw": {
											"language": "json"
										}
									}
								},
								"url": {
									"raw": "{{baseUrl}}/api/can/event/rvswitch",
									"host": [
										"{{baseUrl}}"
									],
									"path": [
										"api",
										"can",
										"event",
										"rvswitch"
									]
								}
							},
							"response": []
						},
						{
							"name": "RV_INPUT - Ignition Off",
							"request": {
								"method": "PUT",
								"header": [],
								"body": {
									"mode": "raw",
									"raw": "{\n    \"Manufacturer_Code\": \"BEP Marine\",\n    \"Dipswitch\": \"128\",\n    \"Instance\": \"4\",\n    // Ignition State 1 On / 0 Off\n    \"Output5\": \"0\",\n    \"name\": \"RvSwitch\"\n}",
									"options": {
										"raw": {
											"language": "json"
										}
									}
								},
								"url": {
									"raw": "{{baseUrl}}/api/can/event/rvswitch",
									"host": [
										"{{baseUrl}}"
									],
									"path": [
										"api",
										"can",
										"event",
										"rvswitch"
									]
								}
							},
							"response": []
						},
						{
							"name": "RV_INPUT - Park Brake",
							"request": {
								"method": "PUT",
								"header": [],
								"body": {
									"mode": "raw",
									"raw": "{\n    \"Manufacturer_Code\": \"BEP Marine\",\n    \"Dipswitch\": \"128\",\n    \"Instance\": \"4\",\n    // Ignition State 1 On / 0 Off\n    \"Output5\": \"0\",\n    \"name\": \"RvSwitch\"\n}",
									"options": {
										"raw": {
											"language": "json"
										}
									}
								},
								"url": {
									"raw": "http://localhost:8000/api/can/event/rvswitch",
									"protocol": "http",
									"host": [
										"localhost"
									],
									"port": "8000",
									"path": [
										"api",
										"can",
										"event",
										"rvswitch"
									]
								}
							},
							"response": []
						},
						{
							"name": "RV_INPUT - Park / IGN Combo",
							"request": {
								"method": "PUT",
								"header": [],
								"body": {
									"mode": "raw",
									"raw": "{\n    \"Manufacturer_Code\": \"BEP Marine\",\n    \"Dipswitch\": \"128\",\n    \"Instance\": \"6\",\n    // Ignition State 1 On / 0 Off\n    \"Output3\": \"1\",\n    \"name\": \"RvSwitch\"\n}",
									"options": {
										"raw": {
											"language": "json"
										}
									}
								},
								"url": {
									"raw": "http://localhost:8000/api/can/event/rvswitch",
									"protocol": "http",
									"host": [
										"localhost"
									],
									"port": "8000",
									"path": [
										"api",
										"can",
										"event",
										"rvswitch"
									]
								}
							},
							"response": []
						},
						{
							"name": "RV_INPUT - Park / IGN Combo Off",
							"request": {
								"method": "PUT",
								"header": [],
								"body": {
									"mode": "raw",
									"raw": "{\n    \"Manufacturer_Code\": \"BEP Marine\",\n    \"Dipswitch\": \"128\",\n    \"Instance\": \"6\",\n    // Ignition State 1 On / 0 Off\n    \"Output3\": \"0\",\n    \"name\": \"RvSwitch\"\n}",
									"options": {
										"raw": {
											"language": "json"
										}
									}
								},
								"url": {
									"raw": "http://localhost:8000/api/can/event/rvswitch",
									"protocol": "http",
									"host": [
										"localhost"
									],
									"port": "8000",
									"path": [
										"api",
										"can",
										"event",
										"rvswitch"
									]
								}
							},
							"response": []
						},
						{
							"name": "STALE",
							"request": {
								"method": "PUT",
								"header": [],
								"body": {
									"mode": "raw",
									"raw": " {\n     \"70\": {\n         \"name\": \"BMS\",\n         \"category\": \"energy\",\n         \"last_seen\": 1707180100.10637,\n         \"stale_interval\": 5,\n         \"msgs\": {\n             \"131069\": {\n                 \"last_received\": 1707180100.1063774\n             },\n             \"131068\": {\n                 \"last_received\": 1707180099.735205\n             },\n             \"131067\": {\n                 \"last_received\": 1707180099.856942\n             },\n             \"65413\": {\n                 \"last_received\": 1707180080.5742917\n             },\n             \"130762\": {\n                 \"last_received\": 1707180096.1422303\n             }\n         },\n         \"stale\": false,\n         \"recovered\": false\n     },\n     \"66\": {\n         \"name\": \"Inverter\",\n         \"category\": \"energy\",\n         \"last_seen\": null,\n         \"stale_interval\": 5,\n         \"msgs\": {},\n         \"stale\": null\n     },\n     \"100\": {\n         \"name\": \"TM-620\",\n         \"category\": \"watersystems\",\n         \"last_seen\": 1707180099.9681616,\n         \"stale_interval\": 5,\n         \"msgs\": {\n             \"130713\": {\n                 \"last_received\": 1707180098.8857\n             },\n             \"131063\": {\n                 \"last_received\": 1707180099.908552\n             },\n             \"130762\": {\n                 \"last_received\": 1707180099.9681695\n             }\n         },\n         \"stale\": true,\n         \"recovered\": false\n     },\n     \"3\": {\n         \"name\": \"SI\",\n         \"category\": \"electrical\",\n         \"last_seen\": 1707180099.8845446,\n         \"stale_interval\": 5,\n         \"msgs\": {\n             \"65284\": {\n                 \"last_received\": 1707180099.8838832\n             },\n             \"65308\": {\n                 \"last_received\": 1707180099.88455\n             }\n         },\n         \"stale\": false,\n         \"recovered\": false\n     },\n     \"0\": {\n         \"name\": \"KEYPAD\",\n         \"category\": \"electrical\",\n         \"last_seen\": 1707180098.4588099,\n         \"stale_interval\": 5,\n         \"msgs\": {\n             \"65284\": {\n                 \"last_received\": 1707180098.4588175\n             }\n         },\n         \"stale\": false,\n         \"recovered\": false\n     },\n     \"250\": {\n         \"name\": \"TM-1010\",\n         \"category\": \"energy\",\n         \"last_seen\": null,\n         \"stale_interval\": 5,\n         \"msgs\": {},\n         \"stale\": null\n     },\n     \"220\": {\n         \"name\": \"VersiControl ITC Controller\",\n         \"category\": \"lighting\",\n         \"last_seen\": 1707180099.6451952,\n         \"stale_interval\": 5,\n         \"msgs\": {\n             \"65056\": {\n                 \"last_received\": 1707180099.6452029\n             }\n         },\n         \"stale\": false,\n         \"recovered\": false\n     },\n     \"151\": {\n         \"name\": \"RV1\",\n         \"category\": \"electrical\",\n         \"last_seen\": 1707180099.8026931,\n         \"stale_interval\": 5,\n         \"msgs\": {\n             \"65301\": {\n                 \"last_received\": 1707180099.7347288\n             },\n             \"127508\": {\n                 \"last_received\": 1707180099.8026989\n             },\n             \"65308\": {\n                 \"last_received\": 1707180098.4406016\n             },\n             \"65284\": {\n                 \"last_received\": 1707180098.4478383\n             },\n             \"127505\": {\n                 \"last_received\": 1707180098.7242918\n             }\n         },\n         \"stale\": false,\n         \"recovered\": false\n     },\n     \"207\": {\n         \"name\": \"TRUMA AC\",\n         \"category\": \"climate\",\n         \"last_seen\": 1707180099.9948041,\n         \"stale_interval\": 5,\n         \"msgs\": {\n             \"130762\": {\n                 \"last_received\": 1707180099.994812\n             },\n             \"130972\": {\n                 \"last_received\": 1707180096.3935988\n             }\n         },\n         \"stale\": false,\n         \"recovered\": false\n     },\n     \"204\": {\n         \"name\": \"Dometic GW - BATH\",\n         \"category\": \"climate\",\n         \"last_seen\": null,\n         \"stale_interval\": 5,\n         \"msgs\": {},\n         \"stale\": null\n     },\n     \"205\": {\n         \"name\": \"Dometic GW - LOUNGE\",\n         \"category\": \"climate\",\n         \"last_seen\": null,\n         \"stale_interval\": 5,\n         \"msgs\": {},\n         \"stale\": null\n     },\n     \"191\": {\n         \"name\": \"Awning 1\",\n         \"category\": \"awning\",\n         \"last_seen\": null,\n         \"stale_interval\": 5,\n         \"msgs\": {},\n         \"stale\": null\n     },\n     \"223\": {\n         \"name\": \"Awning 2\",\n         \"category\": \"awning\",\n         \"last_seen\": null,\n         \"stale_interval\": 5,\n         \"msgs\": {},\n         \"stale\": null\n     },\n     \"143\": {\n         \"name\": \"Awning 3\",\n         \"category\": \"awning\",\n         \"last_seen\": 1707180100.000525,\n         \"stale_interval\": 5,\n         \"msgs\": {\n             \"65425\": {\n                 \"last_received\": 1707180100.0005322\n             }\n         },\n         \"stale\": false,\n         \"recovered\": false\n     },\n     \"206\": {\n         \"name\": \"UNHANDLED\",\n         \"last_seen\": 1707180099.1443067,\n         \"stale_interval\": null,\n         \"msgs\": {\n             \"130727\": {\n                 \"last_received\": 1707180099.144313\n             }\n         }\n     },\n     \"128\": {\n        \"name\": \"Wakespeed WS500\",\n         \"category\": \"awning\",\n         \"last_seen\": 1707180100.000525,\n         \"stale_interval\": 5,\n         \"msgs\": {\n             \"65425\": {\n                 \"last_received\": 1707180100.0005322\n             }\n         },\n         \"stale\": false,\n         \"recovered\": false\n     }\n }",
									"options": {
										"raw": {
											"language": "json"
										}
									}
								},
								"url": {
									"raw": "http://localhost:8000/api/can/stale",
									"protocol": "http",
									"host": [
										"localhost"
									],
									"port": "8000",
									"path": [
										"api",
										"can",
										"stale"
									]
								}
							},
							"response": []
						}
					]
				},
				{
					"name": "Pet_Minder",
					"item": [
						{
							"name": "524T - Energy - BMS - Voltage LOW",
							"request": {
								"method": "PUT",
								"header": [],
								"body": {
									"mode": "raw",
									"raw": "{\n    \"title\": \"House Battery Low\",\n    \"DC_Instance\": \"Main House Battery Bank\",\n    \"DC_Voltage\": \"12.5\",\n    \"DC_Current\": \"160.0\",\n    \"name\": \"DC_SOURCE_STATUS_1\"\n}",
									"options": {
										"raw": {
											"language": "json"
										}
									}
								},
								"url": {
									"raw": "http://localhost:8000/api/can/event/dc_source_status_1",
									"protocol": "http",
									"host": [
										"localhost"
									],
									"port": "8000",
									"path": [
										"api",
										"can",
										"event",
										"dc_source_status_1"
									]
								}
							},
							"response": []
						},
						{
							"name": "524T - Energy - BMS - Voltage OK",
							"request": {
								"method": "PUT",
								"header": [],
								"body": {
									"mode": "raw",
									"raw": "{\n    \"title\": \"House Battery Low\",\n    \"DC_Instance\": \"Main House Battery Bank\",\n    \"DC_Voltage\": \"12.8\",\n    \"DC_Current\": \"160.0\",\n    \"name\": \"DC_SOURCE_STATUS_1\"\n}",
									"options": {
										"raw": {
											"language": "json"
										}
									}
								},
								"url": {
									"raw": "http://localhost:8000/api/can/event/dc_source_status_1",
									"protocol": "http",
									"host": [
										"localhost"
									],
									"port": "8000",
									"path": [
										"api",
										"can",
										"event",
										"dc_source_status_1"
									]
								}
							},
							"response": []
						},
						{
							"name": "524T - Energy - BMS - 16% - Discharging",
							"request": {
								"method": "PUT",
								"header": [],
								"body": {
									"mode": "raw",
									"raw": "{\n    \"DC_Instance\": \"Main House Battery Bank\",\n    \"Device_Priority\": \"Battery SOC/BMS device\",\n    \"Source_Temperature\": \"23.0\",\n    \"State_Of_Charge\": \"16\",\n    \"Time_Remaining\": \"604\",\n    \"Time_Remaining_Interpretation\": \"Time to Empty\",\n    \"name\": \"DC_SOURCE_STATUS_2\"\n}",
									"options": {
										"raw": {
											"language": "json"
										}
									}
								},
								"url": {
									"raw": "http://localhost:8000/api/can/event/dc_source_status_2",
									"protocol": "http",
									"host": [
										"localhost"
									],
									"port": "8000",
									"path": [
										"api",
										"can",
										"event",
										"dc_source_status_2"
									]
								}
							},
							"response": []
						},
						{
							"name": "524T - Energy - BMS - 50% - Charging",
							"request": {
								"method": "PUT",
								"header": [],
								"body": {
									"mode": "raw",
									"raw": "{\n    \"DC_Instance\": \"Main House Battery Bank\",\n    \"Device_Priority\": \"Battery SOC/BMS device\",\n    \"Source_Temperature\": \"23.0\",\n    \"State_Of_Charge\": \"50.0\",\n    \"Time_Remaining\": \"201\",\n    \"Time_Remaining_Interpretation\": \"Time to Full\",\n    \"name\": \"DC_SOURCE_STATUS_2\"\n}",
									"options": {
										"raw": {
											"language": "json"
										}
									}
								},
								"url": {
									"raw": "http://localhost:8000/api/can/event/dc_source_status_2",
									"protocol": "http",
									"host": [
										"localhost"
									],
									"port": "8000",
									"path": [
										"api",
										"can",
										"event",
										"dc_source_status_2"
									]
								}
							},
							"response": []
						},
						{
							"name": "524T Climate - Interior Temp 0C - COLD",
							"request": {
								"method": "PUT",
								"header": [],
								"body": {
									"mode": "raw",
									"raw": "{\n    \"title\": \"Set interior temp\",\n    \"name\": \"thermostat_ambient_status\",\n    \"Instance\": \"2\",\n    \"Ambient_Temp\": \"0\"\n}",
									"options": {
										"raw": {
											"language": "json"
										}
									}
								},
								"url": {
									"raw": "http://localhost:8000/api/can/event/thermostat_ambient_status",
									"protocol": "http",
									"host": [
										"localhost"
									],
									"port": "8000",
									"path": [
										"api",
										"can",
										"event",
										"thermostat_ambient_status"
									]
								}
							},
							"response": []
						},
						{
							"name": "524T Climate - Interior Temp 20C - OK",
							"request": {
								"method": "PUT",
								"header": [],
								"body": {
									"mode": "raw",
									"raw": "{\n    \"title\": \"Set interior temp\",\n    \"name\": \"thermostat_ambient_status\",\n    \"Instance\": \"2\",\n    \"Ambient_Temp\": \"20\"\n}",
									"options": {
										"raw": {
											"language": "json"
										}
									}
								},
								"url": {
									"raw": "http://localhost:8000/api/can/event/thermostat_ambient_status",
									"protocol": "http",
									"host": [
										"localhost"
									],
									"port": "8000",
									"path": [
										"api",
										"can",
										"event",
										"thermostat_ambient_status"
									]
								}
							},
							"response": []
						},
						{
							"name": "524T Climate - Interior Temp 20C - HOT",
							"request": {
								"method": "PUT",
								"header": [],
								"body": {
									"mode": "raw",
									"raw": "{\n    \"title\": \"Set interior temp\",\n    \"name\": \"thermostat_ambient_status\",\n    \"Instance\": \"2\",\n    \"Ambient_Temp\": \"40\"\n}",
									"options": {
										"raw": {
											"language": "json"
										}
									}
								},
								"url": {
									"raw": "http://localhost:8000/api/can/event/thermostat_ambient_status",
									"protocol": "http",
									"host": [
										"localhost"
									],
									"port": "8000",
									"path": [
										"api",
										"can",
										"event",
										"thermostat_ambient_status"
									]
								}
							},
							"response": []
						}
					]
				},
				{
					"name": "Awning",
					"item": [
						{
							"name": "524T Watersystems Black Tank - 50% Copy 2",
							"request": {
								"method": "PUT",
								"header": [],
								"body": {
									"mode": "raw",
									"raw": "{\n    \"title\": \"Set Awning Status\",\n    \"Instance\": \"1\",\n    \"name\": \"AWNING_STATUS_2\",\n    \"Motion_Sensitivity\": \"0.0\"\n}",
									"options": {
										"raw": {
											"language": "json"
										}
									}
								},
								"url": {
									"raw": "http://localhost:8000/api/can/event/awning_status_2",
									"protocol": "http",
									"host": [
										"localhost"
									],
									"port": "8000",
									"path": [
										"api",
										"can",
										"event",
										"awning_status_2"
									]
								}
							},
							"response": []
						}
					]
				},
				{
					"name": "Lighting",
					"item": [
						{
							"name": "524T ITC Broadcast 1",
							"request": {
								"method": "PUT",
								"header": [],
								"body": {
									"mode": "raw",
									"raw": "{\n    \"Instance\": \"1\",\n    \"Data2\": \"Single Color\",\n    \"Data3\": \"0\",\n    \"Data4\": \"0\",\n    \"Data5\": \"0\",\n    \"Data6\": \"0\",\n    \"Data7\": \"64\",\n    \"Data8\": \"100\",\n    \"msg\": \"Timestamp: 1711518719.326320    ID: 0cfe20dc    X Rx                DL:  8    01 00 00 00 00 00 40 64     Channel: canb0s0\",\n    \"msg_name\": \"Lighting_Broadcast\",\n    \"source_address\": \"DC\",\n    \"instance_key\": \"CFE20DC__0__1\"\n}",
									"options": {
										"raw": {
											"language": "json"
										}
									}
								},
								"url": {
									"raw": "{{baseUrl}}/api/can/event/lighting_broadcast",
									"host": [
										"{{baseUrl}}"
									],
									"path": [
										"api",
										"can",
										"event",
										"lighting_broadcast"
									]
								}
							},
							"response": []
						},
						{
							"name": "524T ITC Broadcast 2",
							"request": {
								"method": "PUT",
								"header": [],
								"body": {
									"mode": "raw",
									"raw": "{\n    \"Instance\": \"2\",\n    \"Data2\": \"Single Color\",\n    \"Data3\": \"0\",\n    \"Data4\": \"204\",\n    \"Data5\": \"204\",\n    \"Data6\": \"0\",\n    \"Data7\": \"64\",\n    \"Data8\": \"100\",\n    \"msg\": \"Timestamp: 1711518719.326320    ID: 0cfe20dc    X Rx                DL:  8    02 00 00 00 00 00 40 64     Channel: canb0s0\",\n    \"msg_name\": \"Lighting_Broadcast\",\n    \"source_address\": \"DC\",\n    \"instance_key\": \"CFE20DC__0__2\"\n}",
									"options": {
										"raw": {
											"language": "json"
										}
									}
								},
								"url": {
									"raw": "http://localhost:8000/api/can/event/lighting_broadcast",
									"protocol": "http",
									"host": [
										"localhost"
									],
									"port": "8000",
									"path": [
										"api",
										"can",
										"event",
										"lighting_broadcast"
									]
								}
							},
							"response": []
						},
						{
							"name": "524T ITC Broadcast 3",
							"request": {
								"method": "PUT",
								"header": [],
								"body": {
									"mode": "raw",
									"raw": "{\n    \"Instance\": \"3\",\n    \"Data2\": \"Single Color\",\n    \"Data3\": \"0\",\n    \"Data4\": \"204\",\n    \"Data5\": \"204\",\n    \"Data6\": \"0\",\n    \"Data7\": \"64\",\n    \"Data8\": \"100\",\n    \"msg\": \"Timestamp: 1711518719.326320    ID: 0cfe20dc    X Rx                DL:  8    03 00 00 00 00 00 40 64     Channel: canb0s0\",\n    \"msg_name\": \"Lighting_Broadcast\",\n    \"source_address\": \"DC\",\n    \"instance_key\": \"CFE20DC__0__3\"\n}",
									"options": {
										"raw": {
											"language": "json"
										}
									}
								},
								"url": {
									"raw": "http://localhost:8000/api/can/event/lighting_broadcast",
									"protocol": "http",
									"host": [
										"localhost"
									],
									"port": "8000",
									"path": [
										"api",
										"can",
										"event",
										"lighting_broadcast"
									]
								}
							},
							"response": []
						},
						{
							"name": "524T ITC Broadcast 4",
							"request": {
								"method": "PUT",
								"header": [],
								"body": {
									"mode": "raw",
									"raw": "{\n    \"Instance\": \"4\",\n    \"Data2\": \"Single Color\",\n    \"Data3\": \"0\",\n    \"Data4\": \"0\",\n    \"Data5\": \"204\",\n    \"Data6\": \"204\",\n    \"Data7\": \"64\",\n    \"Data8\": \"100\",\n    \"msg\": \"Timestamp: 1711518719.326320    ID: 0cfe20dc    X Rx                DL:  8    04 00 00 00 00 00 40 64     Channel: canb0s0\",\n    \"msg_name\": \"Lighting_Broadcast\",\n    \"source_address\": \"DC\",\n    \"instance_key\": \"CFE20DC__0__4\"\n}",
									"options": {
										"raw": {
											"language": "json"
										}
									}
								},
								"url": {
									"raw": "http://localhost:8000/api/can/event/lighting_broadcast",
									"protocol": "http",
									"host": [
										"localhost"
									],
									"port": "8000",
									"path": [
										"api",
										"can",
										"event",
										"lighting_broadcast"
									]
								}
							},
							"response": []
						},
						{
							"name": "524T ITC Broadcast Disco Mode",
							"request": {
								"method": "PUT",
								"header": [],
								"body": {
									"mode": "raw",
									"raw": "{\n    \"Instance\": \"4\",\n    \"Data2\": \"Something Else\",\n    \"Data3\": \"0\",\n    \"Data4\": \"0\",\n    \"Data5\": \"0\",\n    \"Data6\": \"0\",\n    \"Data7\": \"64\",\n    \"Data8\": \"100\",\n    \"msg\": \"Timestamp: 1711518719.326320    ID: 0cfe20dc    X Rx                DL:  8    04 00 00 00 00 00 40 64     Channel: canb0s0\",\n    \"msg_name\": \"Lighting_Broadcast\",\n    \"source_address\": \"DC\",\n    \"instance_key\": \"CFE20DC__0__4\"\n}",
									"options": {
										"raw": {
											"language": "json"
										}
									}
								},
								"url": {
									"raw": "http://localhost:8000/api/can/event/lighting_broadcast",
									"protocol": "http",
									"host": [
										"localhost"
									],
									"port": "8000",
									"path": [
										"api",
										"can",
										"event",
										"lighting_broadcast"
									]
								}
							},
							"response": []
						}
					]
				},
				{
					"name": "IoT_2_Main",
					"item": [
						{
							"name": "Floorplan NO telemetry",
							"request": {
								"method": "PUT",
								"header": [],
								"body": {
									"mode": "raw",
									"raw": "{\n    \"floorPlan\": \"IM524T\",\n    \"optionCodes\": \"52N,31P,33F,29J,52D\"\n}",
									"options": {
										"raw": {
											"language": "json"
										}
									}
								},
								"url": {
									"raw": "{{baseUrl}}/api/system/floorplan",
									"host": [
										"{{baseUrl}}"
									],
									"path": [
										"api",
										"system",
										"floorplan"
									]
								}
							},
							"response": []
						},
						{
							"name": "Floorplan with telemetry",
							"request": {
								"method": "PUT",
								"header": [],
								"body": {
									"mode": "raw",
									"raw": "{\n    \"floorPlan\": \"IM524T\",\n    \"optionCodes\": \"52N,31P,33F,291,52D\",\n    \"telemetryFile\": \"main_service/components/generated/OtaTemplates/s500.7054042.IM524T.ota_template.json\"\n}",
									"options": {
										"raw": {
											"language": "json"
										}
									}
								},
								"url": {
									"raw": "{{baseUrl}}/api/system/floorplan",
									"host": [
										"{{baseUrl}}"
									],
									"path": [
										"api",
										"system",
										"floorplan"
									]
								}
							},
							"response": []
						},
						{
							"name": "Force Events",
							"request": {
								"method": "PUT",
								"header": [],
								"body": {
									"mode": "raw",
									"raw": "{\n    \"floorPlan\": \"IM524T\",\n    \"optionCodes\": \"52N,31P,33F,291,52D\",\n    \"telemetryFile\": \"main_service/components/generated/OtaTemplates/s500.7054042.IM524T.ota_template.json\"\n}",
									"options": {
										"raw": {
											"language": "json"
										}
									}
								},
								"url": {
									"raw": "{{baseUrl}}/iot_events",
									"host": [
										"{{baseUrl}}"
									],
									"path": [
										"iot_events"
									]
								}
							},
							"response": []
						},
						{
							"name": "OTA_AVAILABLE",
							"event": [
								{
									"listen": "test",
									"script": {
										"exec": [
											"{",
											"    \"timestamp\": 123123123,",
											"    \"event\": 9201,",
											"    \"instance\": 1,",
											"    \"value\": 1",
											"}"
										],
										"type": "text/javascript",
										"packages": {}
									}
								}
							],
							"request": {
								"method": "PUT",
								"header": [],
								"url": {
									"raw": "{{baseUrl}}/event_log",
									"host": [
										"{{baseUrl}}"
									],
									"path": [
										"event_log"
									]
								}
							},
							"response": []
						}
					]
				},
				{
					"name": "524T Watersystems Black Tank - 50% Copy",
					"request": {
						"method": "PUT",
						"header": [],
						"body": {
							"mode": "raw",
							"raw": "{\n    \"title\": \"Set Black Tank Level to Emtpy\",\n    \"Instance\": \"3\",\n    \"Fluid_Type\": \"BLACK\",\n    \"Fluid_Level\": \"50\",\n    \"Tank_Capacity\": \"0.0795\",\n    \"NMEA_Reserved\": \"255\",\n    \"name\": \"FLUID_LEVEL\"\n}",
							"options": {
								"raw": {
									"language": "json"
								}
							}
						},
						"url": {
							"raw": "http://localhost:8000/api/can/event/fluid_level",
							"protocol": "http",
							"host": [
								"localhost"
							],
							"port": "8000",
							"path": [
								"api",
								"can",
								"event",
								"fluid_level"
							]
						}
					},
					"response": []
				},
				{
					"name": "524T Refrigeration - Fridge Temp",
					"request": {
						"method": "PUT",
						"header": [],
						"body": {
							"mode": "raw",
							"raw": "{\n    \"title\": \"Set fridge temp\",\n    \"name\": \"thermostat_ambient_status\",\n    \"Instance\": \"55\",\n    \"Ambient_Temp\": \"4\"\n}",
							"options": {
								"raw": {
									"language": "json"
								}
							}
						},
						"url": {
							"raw": "http://localhost:8000/api/can/event/thermostat_ambient_status",
							"protocol": "http",
							"host": [
								"localhost"
							],
							"port": "8000",
							"path": [
								"api",
								"can",
								"event",
								"thermostat_ambient_status"
							]
						}
					},
					"response": []
				},
				{
					"name": "524T Refrigeration - Freezer Temp",
					"request": {
						"method": "PUT",
						"header": [],
						"body": {
							"mode": "raw",
							"raw": "{\n    \"title\": \"Set freezer temp\",\n    \"name\": \"thermostat_ambient_status\",\n    \"Instance\": \"56\",\n    \"Ambient_Temp\": \"-3\"\n}",
							"options": {
								"raw": {
									"language": "json"
								}
							}
						},
						"url": {
							"raw": "http://localhost:8000/api/can/event/thermostat_ambient_status",
							"protocol": "http",
							"host": [
								"localhost"
							],
							"port": "8000",
							"path": [
								"api",
								"can",
								"event",
								"thermostat_ambient_status"
							]
						}
					},
					"response": []
				}
			]
		}
	]
}