{
    "floorPlan": "VANILLA",
    "componentGroup": "vanilla.vanilla.VANILLA.componentGroup",
    "hal_options": [],
    "climate_components": {},
    "climate_defaults": {},
    "energy_mapping": {},
    "movable_mapping": {},
    "lighting_mapping": {},
    "energy_components": {},
    "features_components": {},
    "communication_components": {},
    "electrical_mapping": {
        "ac": {},
        "dc": {},
        "switches": {},
        "KEYPAD_CONTROLS": {},
        "SI_CONTROLS": {},
        "RV1_CONTROLS": {},
        "TOGGLE_ZONES": []
    },
    "alert_items": {
        "50009": {
            "notification_id": 50009,
            "instance": 1,
            "priority": 9,
            "user_selected": 1,
            "code": "watersystems:wt50009",
            "trigger_events": [
                8600
            ],
            "trigger_type": 4,
            "trigger_value": [
                97,
                66
            ],
            "header": "Your Fresh Water Tank is full",
            "msg": "Fresh water tank is full",
            "type": 0,
            "meta": "{}"
        },
        "50034": {
            "notification_id": 50034,
            "instance": 1,
            "priority": 6,
            "user_selected": 1,
            "code": "watersystems:wt50034",
            "trigger_events": [
                8600
            ],
            "trigger_type": 5,
            "trigger_value": [
                25,
                50
            ],
            "header": "Fresh water tank is at 25%",
            "msg": "Fresh water tank is low",
            "type": 0,
            "meta": "{\"precedence\": {\"over\": [], \"under\": [50008, 50007]}}"
        },
        "50008": {
            "notification_id": 50008,
            "instance": 1,
            "priority": 6,
            "user_selected": 1,
            "code": "watersystems:wt50008",
            "trigger_events": [
                8600
            ],
            "trigger_type": 5,
            "trigger_value": [
                10,
                33
            ],
            "header": "Fresh water tank is at 10%",
            "msg": "Fresh water tank is very low.",
            "type": 0,
            "meta": "{\"precedence\": {\"over\": [50034], \"under\": [50007]}}"
        },
        "50007": {
            "notification_id": 50007,
            "instance": 1,
            "priority": 2,
            "user_selected": 1,
            "code": "watersystems:wt50007",
            "trigger_events": [
                8600
            ],
            "trigger_type": 5,
            "trigger_value": [
                3,
                33
            ],
            "header": "Your Fresh Water Tank is empty",
            "msg": "Fresh water tank is empty!",
            "type": 0,
            "meta": "{\"precedence\": {\"over\": [50034, 50008], \"under\": []}}"
        },
        "50035": {
            "notification_id": 50035,
            "instance": 2,
            "priority": 6,
            "user_selected": 1,
            "code": "watersystems:wt50035",
            "trigger_events": [
                8600
            ],
            "trigger_type": 4,
            "trigger_value": [
                75,
                50
            ],
            "header": "Your Grey Water Tank is at 75%",
            "msg": "Grey water tank is high!",
            "type": 0,
            "meta": "{\"precedence\": {\"over\": [], \"under\": [50011, 50012]}}"
        },
        "50011": {
            "notification_id": 50011,
            "instance": 2,
            "priority": 6,
            "user_selected": 1,
            "code": "watersystems:wt50011",
            "trigger_events": [
                8600
            ],
            "trigger_type": 4,
            "trigger_value": [
                90,
                66
            ],
            "header": "Your Grey Water Tank is at 90%",
            "msg": "Grey water tank is very high.",
            "type": 0,
            "meta": "{\"precedence\": {\"over\": [50035], \"under\": [50012]}}"
        },
        "50012": {
            "notification_id": 50012,
            "instance": 2,
            "priority": 2,
            "user_selected": 1,
            "code": "watersystems:wt50012",
            "trigger_events": [
                8600
            ],
            "trigger_type": 4,
            "trigger_value": [
                98,
                66
            ],
            "header": "Your Grey Water Tank is at full",
            "msg": "Grey Water is at the top!",
            "type": 0,
            "meta": "{\"precedence\": {\"over\": [50011, 50035], \"under\": []}}"
        },
        "50016": {
            "notification_id": 50016,
            "instance": 1,
            "priority": 2,
            "user_selected": 1,
            "code": "energy:ba50021",
            "trigger_events": [
                7809
            ],
            "trigger_type": 5,
            "trigger_value": [
                15,
                33
            ],
            "header": "Battery low",
            "msg": "Battery level very low.",
            "type": 0,
            "meta": "{\"precedence\": {\"over\": [], \"under\": [50017]}}"
        },
        "50017": {
            "notification_id": 50017,
            "instance": 1,
            "priority": 2,
            "user_selected": 1,
            "code": "energy:ba50017",
            "trigger_events": [
                7809
            ],
            "trigger_type": 5,
            "trigger_value": [
                2,
                33
            ],
            "header": "Battery OFF",
            "msg": "Battery Turned OFF, out of power!",
            "type": 1,
            "meta": "{\"precedence\": {\"over\": [50016], \"under\": []}}"
        },
        "50006": {
            "notification_id": 50006,
            "instance": 1,
            "priority": 2,
            "user_selected": 1,
            "code": "climate:rf50006",
            "trigger_events": [
                9400
            ],
            "trigger_type": 8,
            "trigger_value": [
                4,
                8
            ],
            "header": "Refrigerator Temp",
            "msg": "Refrigerator Temp. out of range!",
            "type": 0,
            "meta": "{}"
        },
        "50036": {
            "ts_id": 0,
            "notification_id": 50036,
            "instance": 2,
            "priority": 2,
            "user_selected": 1,
            "code": "climate:fr50036",
            "trigger_events": [
                9400
            ],
            "trigger_type": 8,
            "trigger_value": [
                -4,
                0
            ],
            "header": "Freezer Temp",
            "msg": "Freezer Temp. out of range!",
            "type": 0,
            "meta": "{}"
        },
        "50020": {
            "notification_id": 50020,
            "instance": 1,
            "priority": 6,
            "user_selected": 1,
            "code": "climate:th50020",
            "trigger_events": [
                6802
            ],
            "trigger_type": 5,
            "trigger_value": [
                0.0,
                7.0
            ],
            "header": "Coach Temperature Low",
            "msg": "Coach temperature is low!",
            "type": 0,
            "meta": "{}"
        },
        "50021": {
            "notification_id": 50021,
            "instance": 1,
            "priority": 6,
            "user_selected": 1,
            "code": "climate:th50021",
            "trigger_events": [
                6802
            ],
            "trigger_type": 4,
            "trigger_value": [
                35.0,
                28.0
            ],
            "header": "Coach Temperature High",
            "msg": "Coach temperature is high!",
            "type": 0,
            "meta": "{}"
        },
        "50033": {
            "notification_id": 50033,
            "instance": 1,
            "priority": 9,
            "user_selected": 1,
            "code": "system:ot50033",
            "trigger_events": [
                9201
            ],
            "trigger_type": 1,
            "trigger_value": 32.22,
            "header": "OTA Received",
            "msg": "New Software Update Available",
            "type": 0,
            "meta": "{\"actions\": {\"navigate\": {\"action\": {\"text\": \"Details\", \"href\": \"/setting/UiSettingsSoftwareUpdate\"}}}}"
        },
        "50056": {
            "notification_id": 50056,
            "instance": 1,
            "priority": 9,
            "user_selected": 1,
            "code": "system:ot50056",
            "trigger_events": [
                8816
            ],
            "trigger_type": 1,
            "trigger_value": 1,
            "header": "Service Mode",
            "msg": "Service Mode is Active",
            "type": 0,
            "meta": "{\"actions\": {\"api_call\": {\"action\": {\"type\": \"PUT\", \"text\": \"Exit Service Mode\", \"href\": \"/api/system/us/1/state\", \"params\": {\"serviceModeOnOff\": 0}}}}}"
        },
        "50054": {
            "notification_id": 50054,
            "instance": 1,
            "priority": 2,
            "user_selected": 1,
            "code": "features:pm50054",
            "trigger_events": [
                5199
            ],
            "trigger_type": 1,
            "trigger_value": 1,
            "header": "Truma AquaGo Connnection Error",
            "msg": "There is an issue with the lin cable communication from the Truma AquaGo.",
            "type": 0,
            "meta": "{}"
        },
        "50055": {
            "notification_id": 50055,
            "instance": 2,
            "priority": 2,
            "user_selected": 1,
            "code": "features:pm50055",
            "trigger_events": [
                5199
            ],
            "trigger_type": 1,
            "trigger_value": 1,
            "header": "Truma AquaGO Error.",
            "msg": "There is an issue with your Truma AquaGo, check that the physical switch is on.",
            "type": 0,
            "meta": "{}"
        },
        "50038": {
            "notification_id": 50038,
            "instance": 1,
            "priority": 7,
            "user_selected": 1,
            "code": "features:pm50038",
            "trigger_events": [
                12208
            ],
            "trigger_type": 1,
            "trigger_value": 1,
            "header": "RV Temp Below Pet Comfort",
            "msg": "Please consider turning the heat on in your coach.",
            "type": 0,
            "meta": "{\"actions\": {\"api_call\": {\"action\": {\"type\": \"PUT\", \"text\": \"Auto Mode\", \"href\": \"/api/climate/th/1/state\", \"params\": {\"onOff\": 1, \"setMode\": 519}}}}}"
        },
        "50037": {
            "notification_id": 50037,
            "instance": 1,
            "priority": 7,
            "user_selected": 1,
            "code": "features:pm50037",
            "trigger_events": [
                12207
            ],
            "trigger_type": 1,
            "trigger_value": 1,
            "header": "RV Temp Above Pet Comfort",
            "msg": "Please consider turning the air conditioning on in your coach.",
            "type": 0,
            "meta": "{\"actions\": {\"api_call\": {\"action\": {\"type\": \"PUT\", \"text\": \"Auto Mode\", \"href\": \"/api/climate/th/1/state\", \"params\": {\"onOff\": 1, \"setMode\": 519}}}}}"
        },
        "50039": {
            "notification_id": 50039,
            "instance": 1,
            "priority": 7,
            "user_selected": 1,
            "code": "features:pm50039",
            "trigger_events": [
                12205
            ],
            "trigger_type": 1,
            "trigger_value": 1,
            "header": "RV Battery Is Low.",
            "msg": "Your RV battery is low. Please turn on the generator or plug in to Shore Power.",
            "type": 0,
            "meta": "{}"
        },
        "50043": {
            "notification_id": 50043,
            "instance": 3,
            "priority": 6,
            "user_selected": 1,
            "code": "watersystems:wt50043",
            "trigger_events": [
                8600
            ],
            "trigger_type": 4,
            "trigger_value": [
                75,
                50
            ],
            "header": "Your Black Water Tank is at 75%",
            "msg": "Black water tank level is high",
            "type": 0,
            "meta": "{\"precedence\": {\"over\": [], \"under\": [50041, 50042]}}"
        },
        "50041": {
            "notification_id": 50041,
            "instance": 3,
            "priority": 6,
            "user_selected": 1,
            "code": "watersystems:wt50041",
            "trigger_events": [
                8600
            ],
            "trigger_type": 4,
            "trigger_value": [
                90,
                66
            ],
            "header": "Your Black Water Tank is at 90%",
            "msg": "Black water tank level is high.",
            "type": 0,
            "meta": "{\"precedence\": {\"over\": [50043], \"under\": [50042]}}"
        },
        "50042": {
            "notification_id": 50042,
            "instance": 3,
            "priority": 2,
            "user_selected": 1,
            "code": "watersystems:50042",
            "trigger_events": [
                8600
            ],
            "trigger_type": 4,
            "trigger_value": [
                97,
                66
            ],
            "header": "Your Black Water Tank is full",
            "msg": "Black Water is at the top!",
            "type": 0,
            "meta": "{\"precedence\": {\"over\": [50041, 50043], \"under\": []}}"
        },
        "50045": {
            "notification_id": 50045,
            "instance": 1,
            "priority": 6,
            "user_selected": 1,
            "code": "watersystems:wt50045",
            "trigger_events": [
                11404
            ],
            "trigger_type": 1,
            "trigger_value": 1,
            "header": "Inverter Overload: A/C has been disabled",
            "msg": "AC disabled to save power until capacity becomes available.",
            "type": 0,
            "meta": "{\"precedence\": {\"over\": [], \"under\": [50044, 50046, 50047]}}"
        },
        "50046": {
            "notification_id": 50046,
            "instance": 3,
            "priority": 6,
            "user_selected": 1,
            "code": "watersystems:wt50046",
            "trigger_events": [
                11404
            ],
            "trigger_type": 1,
            "trigger_value": 1,
            "header": " Inverter Overload: Microwave has been disabled.",
            "msg": " Microwave, Cooktop, and A/C disabled to save power until capacity becomes available.",
            "type": 0,
            "meta": "{\"precedence\": {\"over\": [50045, 50047], \"under\": [50044]}}"
        },
        "50047": {
            "notification_id": 50047,
            "instance": 2,
            "priority": 6,
            "user_selected": 1,
            "code": "watersystems:50047",
            "trigger_events": [
                11404
            ],
            "trigger_type": 1,
            "trigger_value": 1,
            "header": "Inverter Overload: Cooktop has been disabled",
            "msg": "Cooktop and A/C disabled to save power until capacity becomes available.",
            "type": 0,
            "meta": "{\"precedence\": {\"over\": [50045], \"under\": [50044, 50046]}}"
        },
        "50044": {
            "notification_id": 50044,
            "instance": 4,
            "priority": 2,
            "user_selected": 1,
            "code": "watersystems:50044",
            "trigger_events": [
                11404
            ],
            "trigger_type": 1,
            "trigger_value": 1,
            "header": "Inverter Overloaded!",
            "msg": "Unable to prevent overload. You may need to restart the inverter to restore AC power.",
            "type": 0,
            "meta": "{\"precedence\": {\"over\": [50045, 50046, 50047], \"under\": []}}"
        },
        "51001": {
            "notification_id": 51001,
            "instance": 3,
            "priority": 9,
            "user_selected": 1,
            "code": "system:51001",
            "trigger_events": [],
            "trigger_type": 1,
            "trigger_value": [],
            "header": "WinnConnect has lost communications with {} component.",
            "msg": "Please try restarting your system.",
            "type": 0,
            "meta": "{\"precedence\": {\"over\": [50041, 50043], \"under\": []}}"
        },
        "50048": {
            "notification_id": 50048,
            "instance": 1,
            "priority": 6,
            "user_selected": 1,
            "code": "watersystems:wt8604",
            "trigger_events": [
                8604
            ],
            "trigger_type": 1,
            "trigger_value": 1,
            "header": "WinnConnect detected an overvoltage in the fresh tank sensor.",
            "msg": "TBD.",
            "type": 0,
            "meta": "{}"
        },
        "50049": {
            "notification_id": 50049,
            "instance": 2,
            "priority": 6,
            "user_selected": 1,
            "code": "watersystems:wt8604",
            "trigger_events": [
                8604
            ],
            "trigger_type": 1,
            "trigger_value": 1,
            "header": "WinnConnect detected an overvoltage in the gray tank sensor.",
            "msg": "TBD.",
            "type": 0,
            "meta": "{}"
        },
        "50050": {
            "notification_id": 50050,
            "instance": 3,
            "priority": 6,
            "user_selected": 1,
            "code": "watersystems:wt8604",
            "trigger_events": [
                8604
            ],
            "trigger_type": 1,
            "trigger_value": 1,
            "header": "WinnConnect detected an overvoltage in the black tank sensor.",
            "msg": "TBD.",
            "type": 0,
            "meta": "{}"
        },
        "50024": {
            "notification_id": 50024,
            "instance": 2,
            "priority": 9,
            "user_selected": 1,
            "code": "energy:es11801",
            "trigger_events": [
                11801
            ],
            "trigger_type": 1,
            "trigger_value": 1,
            "header": "Shore Power Detected",
            "msg": "Your AC power capacity is limited to the amperage of your shore power connection.",
            "type": 0,
            "meta": "{}"
        }
    },
    "hal_categories": {
        "vehicle": "modules.hardware.vanilla.hw_vehicle"
    },
    "can_mapping": {
        "vin_response": "vehicle",
        "vehicle_status_1": "vehicle",
        "vehicle_status_2": "vehicle",
        "state_of_charge": "vehicle",
        "dc_charging_state": "vehicle",
        "pb_park_brake": "vehicle",
        "tr_transmission_range": "vehicle",
        "odo_odometer": "vehicle",
        "aat_ambient_air_temperature": "vehicle"
    }
}