{
    "$schema": "./$schema.json",
    "id": "s800.1583542.W44R",
    "type": "componentGroup",
    "description": "component groups allow us to piece together rv components based on its device type, model, floorplan starting with lowest to greatest specificity",
    "deviceType": "s800",
    "seriesModel": "1583542",
    "floorPlan": "W44R",
    "attributes": {
        "name": "44R",
        "seriesName": "44R",
        "seriesCode": "800",
        "version": "1.0.0"
    },
    "optionCodes": [],
    "filters": {
        "modelYears": [
            "2025"
        ]
    },
    "components": [
        {
            "componentTypeId": "vehicle.ch_sprinter_psm",
            "instance": 1,
            "attributes": {
                "description": "",
                "name": "Mercedes Sprinter",
                "controllable": "N"
            },
            "meta": {
                "manufacturer": "",
                "model": "",
                "part": ""
            }
        },
        {
            "componentTypeId": "climate.th_virtual",
            "instance": 1,
            "attributes": {
                "controllable": "NF",
                "description": "Virtual Thermostat",
                "name": "Thermostat",
                "type": "MAIN"
            },
            "meta": {
                "manufacturer": "Winnebago",
                "model": "WinnConnect Virtual Thermostat",
                "part": "WC-TH-VIRTUAL"
            }
        },
        {
            "componentTypeId": "climate.he_basic",
            "instance": 1,
            "attributes": {
                "description": "Electrical Space Heater",
                "name": "Heater",
                "controllable": "NF",
                "circuit": 123
            },
            "meta": {
                "manufacturer": "",
                "model": "",
                "part": ""
            }
        },
        {
            "componentTypeId": "climate.ac_wired",
            "instance": 1,
            "attributes": {
                "description": "Premier AC unit with 3 wires",
                "name": "Air Conditioner",
                "controllable": "NF",
                "controller": "CZONE",
                "circuit.comp": 5,
                "circuit.fanSpd.HIGH": 6,
                "circuit.fanSpd.LOW": 7,
                "supportedSpeeds": [
                    53,
                    52
                ]
            },
            "meta": {
                "manufacturer": "Premier AC",
                "model": "48V",
                "part": ""
            }
        },
        {
            "componentTypeId": "climate.rv_advanced",
            "instance": 1,
            "attributes": {
                "description": "Main Roof Fan",
                "name": "Lounge Vent",
                "controllable": "NF"
            },
            "meta": {
                "manufacturer": "Dometic",
                "model": "FanTastic 5300",
                "part": "FV5300HWUWD81-SP"
            }
        },
        {
            "componentTypeId": "energy.ic_rvc",
            "instance": 1,
            "attributes": {
                "description": "Charger in XANTREX",
                "name": "Charger",
                "controllable": "NF",
                "defaultBreakerSizeA": 15,
                "defaultChargeCurrentA": 100
            }
        },
        {
            "componentTypeId": "connectivity.ce_cradlepoint",
            "instance": 1,
            "attributes": {
                "description": "Connectivity Unit",
                "name": "Cradlepoint - S700",
                "controllable": "NF",
                "type": "CRADLEPOINT-S700"
            },
            "meta": {
                "manufacturer": "Cradlepoint",
                "model": "S700",
                "part": ""
            }
        },
        {
            "componentTypeId": "energy.bm_basic",
            "instance": 1,
            "attributes": {
                "type": "LITHIONICS",
                "description": "BMS",
                "name": "Battery Management",
                "controllable": "NF",
                "nominalVoltage": "48.0V",
                "minSoc": 10
            },
            "meta": {
                "manufacturer": "Lithionics",
                "model": "",
                "part": ""
            },
            "relatedComponents": [
                {
                    "componentTypeId": "energy.ba_basic",
                    "instance": 1
                }
            ]
        },
        {
            "componentTypeId": "energy.ba_basic",
            "instance": 1,
            "attributes": {
                "description": "Default battery pack",
                "name": "LITHIONICS IONGEN",
                "controllable": "NF",
                "type": "LITHIONICS",
                "cap": "320AH"
            },
            "meta": {
                "manufacturer": "Lithionics",
                "model": "74-221-UL",
                "part": ""
            },
            "relatedComponents": [
                {
                    "componentTypeId": "energy.bm_basic",
                    "instance": 1
                }
            ]
        },
        {
            "componentTypeId": "energy.ba_basic",
            "instance": 2,
            "attributes": {
                "description": "Default battery pack",
                "name": "LITHIONICS IONGEN",
                "controllable": "NF",
                "type": "LITHIONICS",
                "cap": "320AH"
            },
            "meta": {
                "manufacturer": "Lithionics",
                "model": "",
                "part": ""
            },
            "relatedComponents": [
                {
                    "componentTypeId": "energy.bm_basic",
                    "instance": 1
                }
            ]
        },
        {
            "componentTypeId": "energy.ei_basic",
            "instance": 1,
            "attributes": {
                "description": "Victron Simple Inverter Component",
                "name": "Inverter",
                "controllable": "NF",
                "type": "CIRCUIT",
                "state.maxLoad": 2400
            },
            "meta": {
                "manufacturer": "Victron",
                "model": "",
                "part": ""
            }
        },
        {
            "componentTypeId": "energy.ec_basic",
            "instance": 1,
            "attributes": {
                "description": "Energy Consumer for AC",
                "name": "AC - Total",
                "controllable": "NF",
                "type": "AC",
                "acc": "MEASURED"
            }
        },
        {
            "componentTypeId": "energy.ec_basic",
            "instance": 2,
            "attributes": {
                "description": "Energy Consumer for DC",
                "name": "DC - Total",
                "controllable": "NF",
                "type": "DC",
                "acc": "MEASURED"
            }
        },
        {
            "componentTypeId": "energy.es_solar_rvc",
            "instance": 1,
            "attributes": {
                "type": "CZONE_SHUNT",
                "name": "Solar",
                "description": "Solar Controller Source",
                "shuntRatingA": 50
            },
            "meta": {
                "manufacturer": "",
                "model": "",
                "part": ""
            }
        },
        {
            "componentTypeId": "energy.es_shore_rvc",
            "instance": 2,
            "attributes": {
                "type": "SHORE",
                "name": "Shore",
                "description": "Shore Power Source"
            },
            "meta": {
                "manufacturer": "",
                "model": "",
                "part": ""
            }
        },
        {
            "componentTypeId": "energy.es_vehicle",
            "instance": 3,
            "attributes": {
                "description": "Pro Power Power Source",
                "name": "Pro Power",
                "controllable": "NF",
                "type": "PROPOWER"
            },
            "meta": {
                "manufacturer": "",
                "model": "",
                "part": ""
            }
        },
        {
            "componentTypeId": "lighting.lz_rgbw",
            "instance": 1,
            "attributes": {
                "description": "Dimmable Light Zone",
                "name": "Front Bunk R",
                "controllable": "NF",
                "type": "DIM__ITC_CHANNEL"
            },
            "meta": {
                "manufacturer": "",
                "model": "",
                "part": ""
            },
            "filters": {
                "optionCodes": "31T"
            }
        },
        {
            "componentTypeId": "lighting.lz_dimmable",
            "instance": 16,
            "attributes": {
                "description": "Dimmable Light Zone",
                "name": "Drawer and Front OVHD",
                "controllable": "NF",
                "type": "DIM__ITC_CHANNEL",
                "hidden": true,
                "autoOn": true,
                "inAll": false
            },
            "meta": {
                "manufacturer": "",
                "model": "",
                "part": ""
            }
        },
        {
            "componentTypeId": "lighting.lg_smart",
            "instance": 0,
            "attributes": {
                "description": "Smart light group",
                "name": "Smarttoggle",
                "controllable": "NF",
                "type": "LG_SMART"
            }
        },
        {
            "componentTypeId": "lighting.lg_smart",
            "instance": 101,
            "attributes": {
                "description": "Smart lighting group for all lights",
                "name": "All Lights",
                "controllable": "NF",
                "type": "LG_ALL"
            }
        },
        {
            "componentTypeId": "lighting.lg_basic",
            "instance": 1,
            "attributes": {
                "description": "User Preset 1",
                "name": "Preset 1",
                "controllable": "NF",
                "type": "LG_PRESET"
            }
        },
        {
            "componentTypeId": "lighting.lg_basic",
            "instance": 2,
            "attributes": {
                "description": "User Preset 2",
                "name": "Preset 2",
                "controllable": "NF",
                "type": "LG_PRESET"
            }
        },
        {
            "componentTypeId": "lighting.lg_basic",
            "instance": 3,
            "attributes": {
                "description": "User Preset 3",
                "name": "Preset 3",
                "controllable": "NF",
                "type": "LG_PRESET"
            }
        },
        {
            "componentTypeId": "lighting.lg_basic",
            "instance": 99,
            "attributes": {
                "description": "Interior light group",
                "name": "Interior",
                "controllable": "NF",
                "type": "LG_INTERIOR"
            }
        },
        {
            "componentTypeId": "lighting.lg_basic",
            "instance": 100,
            "attributes": {
                "description": "Exterior light group",
                "name": "Exterior",
                "controllable": "NF",
                "type": "LG_EXTERIOR"
            }
        },
        {
            "componentTypeId": "watersystems.wt_default",
            "instance": 1,
            "attributes": {
                "description": "Fresh Water",
                "name": "Fresh Water",
                "type": "FRESH",
                "cap": 35,
                "unit": "G",
                "controllable": "NF",
                "uiclass": "FreshTankLevel",
                "state.vltgMin": 0.5,
                "state.vltgMax": 1.29
            },
            "meta": {
                "manufacturer": "",
                "model": "",
                "part": ""
            },
            "relatedComponents": [
                {
                    "componentTypeId": "watersystems.wp_default",
                    "instance": 1
                }
            ]
        },
        {
            "componentTypeId": "watersystems.wt_default",
            "instance": 2,
            "attributes": {
                "description": "Grey Water",
                "name": "Grey Water",
                "type": "GREY",
                "cap": 46,
                "unit": "G",
                "controllable": "NF",
                "uiclass": "GreyTankLevel",
                "state.vltgMin": 0.5,
                "state.vltgMax": 1.346
            },
            "meta": {
                "manufacturer": "",
                "model": "",
                "part": ""
            },
            "relatedComponents": [
                {
                    "componentTypeId": "watersystems.wh_tankpad",
                    "instance": 2
                }
            ]
        },
        {
            "componentTypeId": "watersystems.wp_default",
            "instance": 1,
            "attributes": {
                "description": "Fresh Water Pump",
                "name": "Fresh Water",
                "controllable": "NF",
                "type": "FRESH",
                "controller": "CZONE",
                "circuits": [
                    5
                ]
            },
            "meta": {
                "manufacturer": "SHURFLO",
                "model": "4008-101-F65",
                "part": "N/A"
            },
            "relatedComponents": [
                {
                    "componentTypeId": "watersystems.wt_default",
                    "instance": 1
                }
            ]
        },
        {
            "componentTypeId": "watersystems.wp_default",
            "instance": 2,
            "attributes": {
                "description": "Grey Water / Shower Pump",
                "name": "Shower Sump",
                "controllable": "NF",
                "type": "GREY",
                "controller": "CZONE",
                "circuits": [
                    6
                ]
            },
            "meta": {
                "manufacturer": "SHURFLO",
                "model": "4008-101-F65",
                "part": "N/A"
            },
            "relatedComponents": [
                {
                    "componentTypeId": "watersystems.wt_default",
                    "instance": 2
                }
            ]
        },
        {
            "componentTypeId": "watersystems.wh_simple",
            "instance": 1,
            "attributes": {
                "description": "Electric Water Heater",
                "name": "Water Heater",
                "controllable": "NF",
                "type": "SIMPLE",
                "controller": "CZONE",
                "circuits": [
                    7
                ]
            },
            "meta": {
                "manufacturer": "TRUMA CORP (23351)",
                "model": "36022-81",
                "part": "000027742"
            }
        },
        {
            "componentTypeId": "system.lk_basic",
            "instance": 544,
            "attributes": {
                "description": "Is the park brake currently released",
                "name": "Park Brake Applied",
                "controllable": "NF"
            }
        },
        {
            "componentTypeId": "system.lk_basic",
            "instance": 580,
            "attributes": {
                "description": "Is the ignition on",
                "name": "Ignition On State",
                "controllable": "NF"
            }
        },
        {
            "componentTypeId": "system.lk_basic",
            "instance": 570,
            "attributes": {
                "description": "Might cause warnings or lockouts based on low voltage",
                "name": "Low voltage on house battery.",
                "controllable": "NF"
            }
        },
        {
            "componentTypeId": "system.lk_basic",
            "instance": 595,
            "attributes": {
                "description": "The indicator if the vehicle gear is currently park or anything else, might be drive, neutral etc.",
                "name": "Vehicle Not in Park",
                "controllable": "NF"
            }
        },
        {
            "componentTypeId": "system.lk_basic",
            "instance": 596,
            "attributes": {
                "description": "System is currently applying load shedding. Generic status if anything is being shed.",
                "name": "System in Load shedding",
                "controllable": "NF"
            }
        },
        {
            "componentTypeId": "system.lk_basic",
            "instance": 606,
            "attributes": {
                "description": "Is the Air Conditioner currently shed",
                "name": "Load Shedding State for Air Condition",
                "controllable": "NF"
            }
        },
        {
            "componentTypeId": "system.lk_basic",
            "instance": 607,
            "attributes": {
                "description": "Is the Cooktop is currently shed",
                "name": "Load Shedding State for Cooktop",
                "controllable": "NF"
            }
        },
        {
            "componentTypeId": "system.lk_basic",
            "instance": 608,
            "attributes": {
                "description": "Is the Microwave currently shed",
                "name": "Load Shedding State for Microwave",
                "controllable": "NF"
            }
        },
        {
            "componentTypeId": "system.lk_basic",
            "instance": 609,
            "attributes": {
                "description": "Active if we are in service mode",
                "name": "Service Mode Lockout",
                "controllable": "NF",
                "defaultActive": false
            }
        },
        {
            "componentTypeId": "vehicle.ch_location_basic",
            "instance": 2,
            "attributes": {
                "description": "Vehicle location and settings",
                "name": "Vehicle Location",
                "controllable": "NF"
            },
            "relatedComponents": []
        },
        {
            "componentTypeId": "energy.ls_XM524",
            "instance": 0,
            "attributes": {
                "description": "Load Shedding Virtual Component for 524 series",
                "name": "Load Shedding - Main",
                "controllable": "NF",
                "sheddableDevices": "ac1, "
            },
            "relatedComponents": []
        },
        {
            "componentTypeId": "energy.ls_component",
            "instance": 1,
            "attributes": {
                "description": "Load Shedding for Air Conditioner",
                "name": "Load Shedder - AC1",
                "controllable": "NF",
                "priority": 10,
                "pwrRatingWatts": 1300
            },
            "relatedComponents": [
                {
                    "componentTypeId": "climate.ac_rvc_ge",
                    "instance": 1
                },
                {
                    "componentTypeId": "climate.ac_rvc_truma",
                    "instance": 1
                },
                {
                    "componentTypeId": "climate.he_heatpump",
                    "instance": 2
                },
                {
                    "componentTypeId": "system.lk_basic",
                    "instance": 606
                }
            ]
        },
        {
            "componentTypeId": "energy.ls_circuit",
            "instance": 2,
            "attributes": {
                "description": "Load Shedding for Cooktop Relay / Relay NC",
                "name": "Load Shedder - Cooktop",
                "controllable": "NF",
                "circuitId": 24,
                "priority": 20,
                "pwrRatingWatts": 1100
            },
            "relatedComponents": [
                {
                    "componentTypeId": "system.lk_basic",
                    "instance": 607
                }
            ]
        },
        {
            "componentTypeId": "energy.ls_circuit",
            "instance": 3,
            "attributes": {
                "description": "Load Shedding for Microwave Relay",
                "name": "Load Shedder - Microwave",
                "controllable": "NF",
                "circuitId": 23,
                "priority": 30,
                "pwrRatingWatts": 800
            },
            "relatedComponents": [
                {
                    "componentTypeId": "system.lk_basic",
                    "instance": 608
                }
            ]
        },
        {
            "componentTypeId": "system.us_service",
            "instance": 1,
            "attributes": {
                "name": "Service Settings",
                "description": "Service Settings component",
                "type": "SETTINGS_SERVICE"
            }
        },
        {
            "componentTypeId": "features.dx_TEST_FACILITY",
            "instance": 1,
            "attributes": {
                "name": "Remote Testing Facilitator",
                "description": "Allows remote tests to be performed",
                "type": "REMOTE_TEST"
            }
        },
        {
            "componentTypeId": "features.dx_CAN",
            "instance": 2,
            "attributes": {
                "name": "CAN Diagnostics",
                "description": "Provides access to CAN diagnostics",
                "type": "CAN_INVENTORY"
            }
        },
        {
            "componentTypeId": "features.pm_basic",
            "instance": 1,
            "attributes": {
                "description": "Pet Monitoring Feature Virtual Component",
                "name": "Pet Monitoring",
                "controllable": "NF",
                "type": "basic"
            }
        },
        {
            "componentTypeId": "features.wx_basic",
            "instance": 1,
            "attributes": {
                "description": "Weather Alerts - Settings Virtual Component",
                "name": "Weather Alerts",
                "controllable": "NF",
                "type": "basic",
                "minTravelDistanceMiles": 60
            }
        }
    ]
}