{
    "$schema": "./$schema.json",
    "id": "s800.DOMCOACH.DOMCOACH",
    "type": "componentGroup",
    "description": "component groups allow us to piece together rv components based on its device type, model, floorplan starting with lowest to greatest specificity",
    "deviceType": "s800",
    "seriesModel": "DOMCOACH",
    "floorPlan": "DOMCOACH",
    "attributes": {
        "name": "DOMCOACH",
        "seriesName": "DOMCOACH",
        "seriesCode": "800",
        "version": "1.0.0"
    },
    "optionCodes": [],
    "filters": {
        "modelYears": [
            "1979"
        ]
    },
    "components": [
        {
            "componentTypeId": "vehicle.ch_etransit_imotive",
            "instance": 1,
            "attributes": {
                "description": "Ford e-transit chassis with intermotive module",
                "name": "Ford E-Transit",
                "controllable": "N"
            },
            "meta": {
                "manufacturer": "Ford Motor Company",
                "model": "e-Transit 2024",
                "part": "123"
            }
        },
        {
            "componentTypeId": "climate.th_virtual",
            "instance": 1,
            "attributes": {
                "controllable": "NF",
                "description": "Virtual Thermostat",
                "name": "Thermostat"
            },
            "meta": {
                "manufacturer": "Winnebago",
                "model": "WinnConnect Virtual Thermostat",
                "part": "WC-TH-VIRTUAL"
            }
        },
        {
            "componentTypeId": "climate.th_outdoor",
            "instance": 2,
            "attributes": {
                "controllable": "NF",
                "description": "Outdoor Temp Sensor",
                "name": "Outdoor",
                "type": "INTERMOTIVE"
            },
            "meta": {
                "manufacturer": "Ford",
                "model": "Built in sensor",
                "part": "N/A"
            }
        },
        {
            "componentTypeId": "climate.he_basic",
            "instance": 1,
            "attributes": {
                "description": "Electrical Space Heater",
                "name": "Heater",
                "controllable": "NF"
            },
            "meta": {
                "manufacturer": "",
                "model": "",
                "part": ""
            }
        },
        {
            "componentTypeId": "climate.rf_basic",
            "instance": 1,
            "attributes": {
                "description": "Dometic fridge ?",
                "name": "Refrigerator",
                "controllable": "NF",
                "type": "REFRIGERATOR"
            },
            "meta": {
                "manufacturer": "",
                "model": "",
                "part": ""
            }
        },
        {
            "componentTypeId": "climate.rv_advanced",
            "instance": 1,
            "attributes": {
                "description": "Main Roof Fan",
                "name": "Lounge Vent",
                "controllable": "NF"
            },
            "meta": {
                "manufacturer": "Dometic",
                "model": "FanTastic 5300",
                "part": "FV5300HWUWD81-SP"
            }
        },
        {
            "componentTypeId": "energy.bm_basic",
            "instance": 1,
            "attributes": {
                "type": "LITHIONICS",
                "description": "BMS",
                "name": "Battery Management",
                "controllable": "NF",
                "nominalVoltage": "48.0V",
                "minSoc": 10
            },
            "meta": {
                "manufacturer": "Lithionics",
                "model": "",
                "part": ""
            },
            "relatedComponents": [
                {
                    "componentTypeId": "energy.ba_basic",
                    "instance": 1
                }
            ]
        },
        {
            "componentTypeId": "energy.ba_basic",
            "instance": 1,
            "attributes": {
                "description": "Default battery pack",
                "name": "LITHIONICS IONGEN",
                "controllable": "NF",
                "type": "LITHIONICS",
                "cap": "320AH"
            },
            "meta": {
                "manufacturer": "Lithionics",
                "model": "74-221-UL",
                "part": ""
            },
            "relatedComponents": [
                {
                    "componentTypeId": "energy.bm_basic",
                    "instance": 1
                }
            ]
        },
        {
            "componentTypeId": "energy.ba_basic",
            "instance": 2,
            "attributes": {
                "description": "Default battery pack",
                "name": "LITHIONICS IONGEN",
                "controllable": "NF",
                "type": "LITHIONICS",
                "cap": "320AH"
            },
            "meta": {
                "manufacturer": "Lithionics",
                "model": "",
                "part": ""
            },
            "relatedComponents": [
                {
                    "componentTypeId": "energy.bm_basic",
                    "instance": 1
                }
            ]
        },
        {
            "componentTypeId": "energy.ei_rvc",
            "instance": 1,
            "attributes": {
                "description": "Inverter Component",
                "name": "Inverter",
                "controllable": "NF",
                "type": "RVC",
                "state.maxLoad": 2000
            },
            "meta": {
                "manufacturer": "XANTREX",
                "model": "Freedom XC Pro 2000",
                "part": ""
            }
        },
        {
            "componentTypeId": "energy.ec_basic",
            "instance": 1,
            "attributes": {
                "description": "Energy Consumer for AC",
                "name": "AC - Total",
                "controllable": "NF",
                "type": "AC",
                "acc": "MEASURED"
            }
        },
        {
            "componentTypeId": "energy.es_solar_rvc",
            "instance": 1,
            "attributes": {
                "type": "SOLAR",
                "name": "Solar",
                "description": "Solar Controller Source"
            },
            "meta": {
                "manufacturer": "",
                "model": "",
                "part": ""
            }
        },
        {
            "componentTypeId": "energy.es_shore_rvc",
            "instance": 2,
            "attributes": {
                "type": "SHORE",
                "name": "Shore",
                "description": "Shore Power Source"
            },
            "meta": {
                "manufacturer": "",
                "model": "",
                "part": ""
            }
        },
        {
            "componentTypeId": "energy.es_vehicle",
            "instance": 3,
            "attributes": {
                "description": "Pro Power Power Source",
                "name": "Pro Power",
                "controllable": "NF",
                "type": "PROPOWER"
            },
            "meta": {
                "manufacturer": "",
                "model": "",
                "part": ""
            }
        },
        {
            "componentTypeId": "lighting.lz_rgbw",
            "instance": 1,
            "attributes": {
                "description": "Dimmable Light Zone",
                "name": "Front Bunk R",
                "controllable": "NF",
                "type": "DIM__ITC_CHANNEL"
            },
            "meta": {
                "manufacturer": "",
                "model": "",
                "part": ""
            },
            "filters": {
                "optionCodes": "31T"
            }
        },
        {
            "componentTypeId": "lighting.lz_dimmable",
            "instance": 16,
            "attributes": {
                "description": "Dimmable Light Zone",
                "name": "Drawer and Front OVHD",
                "controllable": "NF",
                "type": "DIM__ITC_CHANNEL",
                "hidden": true,
                "autoOn": true
            },
            "meta": {
                "manufacturer": "",
                "model": "",
                "part": ""
            }
        },
        {
            "componentTypeId": "lighting.lg_basic",
            "instance": 0,
            "attributes": {
                "description": "Master light group",
                "name": "Master",
                "controllable": "NF",
                "type": "LG_MASTER"
            }
        },
        {
            "componentTypeId": "lighting.lg_basic",
            "instance": 1,
            "attributes": {
                "description": "User Preset 1",
                "name": "Preset 1",
                "controllable": "NF",
                "type": "LG_PRESET"
            }
        },
        {
            "componentTypeId": "lighting.lg_basic",
            "instance": 2,
            "attributes": {
                "description": "User Preset 2",
                "name": "Preset 2",
                "controllable": "NF",
                "type": "LG_PRESET"
            }
        },
        {
            "componentTypeId": "lighting.lg_basic",
            "instance": 3,
            "attributes": {
                "description": "User Preset 3",
                "name": "Preset 3",
                "controllable": "NF",
                "type": "LG_PRESET"
            }
        },
        {
            "componentTypeId": "watersystems.wt_default",
            "instance": 1,
            "attributes": {
                "description": "Fresh Water",
                "name": "Fresh Water",
                "controllable": "NF",
                "type": "FRESH",
                "cap": 35,
                "unit": "G",
                "uiclass": "FreshTankLevel"
            },
            "meta": {
                "manufacturer": "",
                "model": "",
                "part": ""
            },
            "relatedComponents": [
                {
                    "componentTypeId": "watersystems.wp_default",
                    "instance": 1
                }
            ]
        },
        {
            "componentTypeId": "watersystems.wt_default",
            "instance": 2,
            "attributes": {
                "description": "Grey Water",
                "name": "Grey Water",
                "controllable": "NF",
                "type": "GREY",
                "cap": 46,
                "unit": "G",
                "uiclass": "GreyTankLevel"
            },
            "meta": {
                "manufacturer": "",
                "model": "",
                "part": ""
            },
            "relatedComponents": [
                {
                    "componentTypeId": "watersystems.wh_tankpad",
                    "instance": 2
                }
            ]
        },
        {
            "componentTypeId": "watersystems.wp_default",
            "instance": 1,
            "attributes": {
                "description": "Fresh Water Pump",
                "name": "Fresh Water",
                "controllable": "NF",
                "type": "FRESH"
            },
            "meta": {
                "manufacturer": "SHURFLO",
                "model": "4008-101-F65",
                "part": "N/A"
            },
            "relatedComponents": [
                {
                    "componentTypeId": "watersystems.wt_default",
                    "instance": 1
                }
            ]
        },
        {
            "componentTypeId": "watersystems.wp_default",
            "instance": 2,
            "attributes": {
                "description": "Grey Water / Shower Pump",
                "name": "Shower Sump",
                "controllable": "NF",
                "type": "GREY"
            },
            "meta": {
                "manufacturer": "SHURFLO",
                "model": "4008-101-F65",
                "part": "N/A"
            },
            "relatedComponents": [
                {
                    "componentTypeId": "watersystems.wt_default",
                    "instance": 2
                }
            ]
        },
        {
            "componentTypeId": "watersystems.wh_simple",
            "instance": 1,
            "attributes": {
                "description": "Electric Water Heater",
                "name": "Water Heater",
                "controllable": "NF"
            },
            "meta": {
                "manufacturer": "TRUMA CORP (23351)",
                "model": "36022-81",
                "part": "000027742"
            }
        },
        {
            "componentTypeId": "system.lk_basic",
            "instance": 544,
            "attributes": {
                "description": "Is the park brake currently released",
                "name": "Park Brake Applied",
                "controllable": "NF"
            }
        },
        {
            "componentTypeId": "system.lk_basic",
            "instance": 580,
            "attributes": {
                "description": "Is the ignition on",
                "name": "Ignition On State",
                "controllable": "NF"
            }
        },
        {
            "componentTypeId": "system.lk_basic",
            "instance": 570,
            "attributes": {
                "description": "Might cause warnings or lockouts based on low voltage",
                "name": "Low voltage on house battery.",
                "controllable": "NF"
            }
        },
        {
            "componentTypeId": "system.lk_basic",
            "instance": 595,
            "attributes": {
                "description": "The indicator if the vehicle gear is currently park or anything else, might be drive, neutral etc.",
                "name": "Vehicle Not in Park",
                "controllable": "NF"
            }
        },
        {
            "componentTypeId": "system.lk_basic",
            "instance": 596,
            "attributes": {
                "description": "System is currently applying load shedding. Generic status if anything is being shed.",
                "name": "System in Load shedding",
                "controllable": "NF"
            }
        }
    ]
}
