{
    "lz": [
        {
            "code": "lz",
            "defaultState": {
                "brt": 80,
                "onOff": 0
            },
            "description": "Main ceiling lights",
            "id": 1,
            "name": "Front Bunk",
            "type": "SIMPLE_DIM"
        },
        {
            "code": "lz",
            "defaultState": {
                "brt": 80,
                "onOff": 0
            },
            "description": "Main ceiling lights",
            "id": 2,
            "name": "Front Work",
            "type": "SIMPLE_DIM"
        },
        {
            "code": "lz",
            "defaultState": {
                "brt": 80,
                "onOff": 0
            },
            "description": "Main ceiling lights",
            "id": 3,
            "name": "Front Work",
            "type": "SIMPLE_DIM"
        },
        {
            "code": "lz",
            "defaultState": {
                "brt": 80,
                "onOff": 0
            },
            "description": "Main ceiling lights",
            "id": 4,
            "name": "Front Work",
            "type": "SIMPLE_DIM"
        },
        {
            "code": "lz",
            "defaultState": {
                "brt": 80,
                "onOff": 0
            },
            "description": "Main ceiling lights",
            "id": 5,
            "name": "Front Work",
            "type": "SIMPLE_DIM"
        },
        {
            "code": "lz",
            "defaultState": {
                "brt": 80,
                "onOff": 0
            },
            "description": "Main ceiling lights",
            "id": 6,
            "name": "Front Work",
            "type": "SIMPLE_DIM"
        }
    ]
}
