{
    "$schema": "./$schema.json",
    "id": "s500.7054042.IM524T.watersystems.v1",
    "description": "Generated from ComponentTypes and ComponentGroups",
    "deviceType": "s500",
    "seriesModel": "7054042",
    "floorPlan": "IM524T",
    "version": "v1",
    "type": "categoryTemplate",
    "schemas": {
        "wt_default_request": {
            "title": "wt_default_request",
            "type": "object",
            "properties": {}
        },
        "wt_default_response": {
            "title": "wt_default_response",
            "type": "object",
            "properties": {
                "lvl": {
                    "title": "Lvl",
                    "description": "Level of the given tank in % between 0 - 100%",
                    "minimum": 0,
                    "maximum": 100,
                    "type": "integer"
                }
            }
        },
        "wp_default_request": {
            "title": "wp_default_request",
            "type": "object",
            "properties": {
                "onOff": {
                    "title": "Onoff",
                    "description": "Water pump onOff state",
                    "default": 0,
                    "enum": [0, 1],
                    "type": "integer"
                }
            }
        },
        "wp_default_response": {
            "title": "wp_default_response",
            "type": "object",
            "properties": {
                "onOff": {
                    "title": "Onoff",
                    "description": "Water pump onOff state",
                    "default": 0,
                    "enum": [0, 1],
                    "type": "integer"
                }
            }
        },
        "wh_rvc_request": {
            "title": "wh_rvc_request",
            "type": "object",
            "properties": {
                "onOff": {
                    "title": "Onoff",
                    "description": "Overall On/Off state",
                    "default": 0,
                    "enum": [0, 1],
                    "type": "integer"
                },
                "mode": {
                    "title": "Mode",
                    "description": "RVC (Truma) settings for mode, such as comfort and eco",
                    "default": 562,
                    "enum": [0, 562, 602, 603, 561],
                    "type": "integer"
                },
                "setTemp": {
                    "title": "Settemp",
                    "description": "Temperature set to achieve when water heater is on",
                    "type": "number"
                },
                "unit": {
                    "title": "Unit",
                    "description": "The unit the API is currently reporting on",
                    "default": "C",
                    "values": ["F", "C"],
                    "type": "string"
                }
            }
        },
        "wh_rvc_response": {
            "title": "wh_rvc_response",
            "type": "object",
            "properties": {
                "onOff": {
                    "title": "Onoff",
                    "description": "Overall On/Off state",
                    "default": 0,
                    "enum": [0, 1],
                    "type": "integer"
                },
                "mode": {
                    "title": "Mode",
                    "description": "RVC (Truma) settings for mode, such as comfort and eco",
                    "default": 562,
                    "enum": [0, 562, 602, 603, 561],
                    "type": "integer"
                },
                "temp": {
                    "title": "Temp",
                    "description": "The current temperature as given by the water heater",
                    "type": "number"
                },
                "setTemp": {
                    "title": "Settemp",
                    "description": "Temperature set to achieve when water heater is on",
                    "type": "number"
                },
                "unit": {
                    "title": "Unit",
                    "description": "The unit the API is currently reporting on",
                    "default": "C",
                    "values": ["F", "C"],
                    "type": "string"
                },
                "lockouts": {
                    "title": "Lockouts",
                    "description": "List of lockouts present",
                    "default": [],
                    "type": "array",
                    "items": {
                        "type": "integer"
                    }
                }
            }
        },
        "wh_tankpad_request": {
            "title": "wh_tankpad_request",
            "type": "object",
            "properties": {
                "onOff": {
                    "title": "Onoff",
                    "description": "Simple Heater on/off state",
                    "default": 0,
                    "enum": [0, 1],
                    "type": "integer"
                }
            }
        },
        "wh_tankpad_response": {
            "title": "wh_tankpad_response",
            "type": "object",
            "properties": {
                "onOff": {
                    "title": "Onoff",
                    "description": "Simple Heater on/off state",
                    "default": 0,
                    "enum": [0, 1],
                    "type": "integer"
                }
            }
        }
    },
    "categories": {
        "watersystems": [
            {
                "instance": 1,
                "componentType": "wt",
                "attributes": {
                    "description": "Fresh Water",
                    "name": "Fresh Water",
                    "controllable": "NF",
                    "type": "FRESH",
                    "cap": 35,
                    "unit": "G",
                    "uiclass": "FreshTankLevel"
                },
                "meta": {
                    "manufacturer": "",
                    "model": "",
                    "part": ""
                },
                "relatedComponents": [
                    {
                        "category": "watersystems",
                        "componentType": "wp",
                        "instance": 1
                    }
                ],
                "state": {
                    "schema_request": "wt_default_request",
                    "schema_response": "wt_default_response",
                    "path": "watersystems.wt1",
                    "overrideMappings": {}
                }
            },
            {
                "instance": 2,
                "componentType": "wt",
                "attributes": {
                    "description": "Grey Water",
                    "name": "Grey Water",
                    "controllable": "NF",
                    "type": "GREY",
                    "cap": 46,
                    "unit": "G",
                    "uiclass": "GreyTankLevel"
                },
                "meta": {
                    "manufacturer": "",
                    "model": "",
                    "part": ""
                },
                "relatedComponents": [
                    {
                        "category": "watersystems",
                        "componentType": "wh",
                        "instance": 2
                    }
                ],
                "state": {
                    "schema_request": "wt_default_request",
                    "schema_response": "wt_default_response",
                    "path": "watersystems.wt2",
                    "overrideMappings": {}
                }
            },
            {
                "instance": 3,
                "componentType": "wt",
                "attributes": {
                    "description": "Black Water",
                    "name": "Black Water",
                    "controllable": "NF",
                    "type": "BLACK",
                    "cap": 46,
                    "unit": "G",
                    "uiclass": "BlackTankLevel"
                },
                "meta": {
                    "manufacturer": "",
                    "model": "",
                    "part": ""
                },
                "relatedComponents": [
                    {
                        "category": "watersystems",
                        "componentType": "wh",
                        "instance": 3
                    }
                ],
                "state": {
                    "schema_request": "wt_default_request",
                    "schema_response": "wt_default_response",
                    "path": "watersystems.wt3",
                    "overrideMappings": {}
                }
            },
            {
                "instance": 1,
                "componentType": "wp",
                "attributes": {
                    "description": "Fresh Water Pump",
                    "name": "Fresh Water",
                    "controllable": "NF",
                    "type": "FRESH"
                },
                "meta": {
                    "manufacturer": "SHURFLO",
                    "model": "4008-101-F65",
                    "part": "N/A"
                },
                "relatedComponents": [
                    {
                        "category": "watersystems",
                        "componentType": "wt",
                        "instance": 1
                    }
                ],
                "state": {
                    "schema_request": "wp_default_request",
                    "schema_response": "wp_default_response",
                    "path": "watersystems.wp1",
                    "overrideMappings": {}
                }
            },
            {
                "instance": 1,
                "componentType": "wh",
                "attributes": {
                    "lockoutStates": [
                        {
                            "eventValue": 4006,
                            "triggerValue": true
                        }
                    ],
                    "description": "Water Heater - RVC",
                    "name": "Water Heater",
                    "controllable": "NF"
                },
                "meta": {
                    "manufacturer": "TRUMA CORP (23351)",
                    "model": "36022-81",
                    "part": "000027742"
                },
                "relatedComponents": [
                    {
                        "category": "system",
                        "componentType": "lk",
                        "instance": 4006
                    }
                ],
                "state": {
                    "schema_request": "wh_rvc_request",
                    "schema_response": "wh_rvc_response",
                    "path": "watersystems.wh1",
                    "overrideMappings": {}
                }
            },
            {
                "instance": 2,
                "componentType": "wh",
                "attributes": {
                    "description": "Water Tank Heating Pads",
                    "name": "Tank Heating Pads",
                    "controllable": "NF",
                    "type": "COMBO",
                    "controller": "CZONE",
                    "circuits": [9, 10]
                },
                "meta": {
                    "manufacturer": "Therma Heat",
                    "model": "SL-ST725G-16G",
                    "part": "00167187"
                },
                "relatedComponents": [
                    {
                        "category": "watersystems",
                        "componentType": "wt",
                        "instance": 2
                    }
                ],
                "state": {
                    "schema_request": "wh_tankpad_request",
                    "schema_response": "wh_tankpad_response",
                    "path": "watersystems.wh2",
                    "overrideMappings": {}
                }
            }
        ]
    },
    "category": "watersystems"
}
