{
    "$schema": "./$schema.json",
    "id": "s500.7054042.IM524T.movables.v1",
    "description": "Generated from ComponentTypes and ComponentGroups",
    "deviceType": "s500",
    "seriesModel": "7054042",
    "floorPlan": "IM524T",
    "version": "v1",
    "type": "categoryTemplate",
    "schemas": {
        "aw_rvc_request": {
            "title": "aw_rvc_request",
            "description": "State for Awning that is RVC enabled.",
            "type": "object",
            "properties": {
                "mode": {
                    "title": "Mode",
                    "description": "Moving mode for the awning, OFF is an unknown state and a command",
                    "default": 0,
                    "enum": [564, 567, 0, 569, 565],
                    "type": "integer"
                },
                "setPctExt": {
                    "title": "Setpctext",
                    "description": "Percentage desired to set, currently only want 0 and 100% - IF NULL then deadman switch  mode",
                    "type": "integer"
                },
                "mtnSense": {
                    "title": "Mtnsense",
                    "description": "Motion / Wind sensor",
                    "min": 0,
                    "max": 5,
                    "type": "integer"
                },
                "mtnSenseOnOff": {
                    "title": "Mtnsenseonoff",
                    "description": "Motion / Wind sensor On Off mode",
                    "default": 0,
                    "enum": [0, 1],
                    "type": "integer"
                }
            }
        },
        "aw_rvc_response": {
            "title": "aw_rvc_response",
            "description": "State for Awning that is RVC enabled.",
            "type": "object",
            "properties": {
                "mode": {
                    "title": "Mode",
                    "description": "Moving mode for the awning, OFF is an unknown state and a command",
                    "default": 0,
                    "enum": [564, 567, 0, 569, 565],
                    "type": "integer"
                },
                "pctExt": {
                    "title": "Pctext",
                    "description": "Position of the awning reported by hardware",
                    "type": "integer"
                },
                "setPctExt": {
                    "title": "Setpctext",
                    "description": "Percentage desired to set, currently only want 0 and 100% - IF NULL then deadman switch  mode",
                    "type": "integer"
                },
                "mtnSense": {
                    "title": "Mtnsense",
                    "description": "Motion / Wind sensor",
                    "min": 0,
                    "max": 5,
                    "type": "integer"
                },
                "mtnSenseOnOff": {
                    "title": "Mtnsenseonoff",
                    "description": "Motion / Wind sensor On Off mode",
                    "default": 0,
                    "enum": [0, 1],
                    "type": "integer"
                },
                "lockouts": {
                    "title": "Lockouts",
                    "description": "Lockouts that currently apply to the awning",
                    "type": "array",
                    "items": {
                        "type": "integer"
                    }
                },
                "warnings": {
                    "title": "Warnings",
                    "description": "Warnings that currently apply to the awning",
                    "type": "array",
                    "items": {
                        "type": "integer"
                    }
                }
            }
        },
        "so_basic_request": {
            "title": "so_basic_request",
            "description": "Basic Slideout controller for Lippert SlimRack/FAST Slideout\nController.",
            "type": "object",
            "properties": {
                "mode": {
                    "title": "Mode",
                    "description": "Current/ Desired mode for slideout",
                    "default": 0,
                    "enum": [567, 0, 569, 565],
                    "type": "integer"
                }
            }
        },
        "so_basic_response": {
            "title": "so_basic_response",
            "description": "Basic Slideout controller for Lippert SlimRack/FAST Slideout\nController.",
            "type": "object",
            "properties": {
                "mode": {
                    "title": "Mode",
                    "description": "Current/ Desired mode for slideout",
                    "default": 0,
                    "enum": [567, 0, 569, 565],
                    "type": "integer"
                },
                "lockouts": {
                    "title": "Lockouts",
                    "description": "List of lockouts present",
                    "default": [],
                    "type": "array",
                    "items": {
                        "type": "integer"
                    }
                },
                "warnings": {
                    "title": "Warnings",
                    "description": "List of warnings present, such as Low Fuel",
                    "default": [],
                    "type": "array",
                    "items": {
                        "type": "integer"
                    }
                },
                "twoStepReq": {
                    "title": "Twostepreq",
                    "description": "Does using this API require a two step validation by the user",
                    "default": true,
                    "type": "boolean"
                }
            }
        }
    },
    "categories": {
        "movables": [
            {
                "instance": 1,
                "componentType": "aw",
                "attributes": {
                    "deadmanSwitch": 1,
                    "deadmanInitialPauseMs": 1000,
                    "deadmanSendIntervalMs": 100,
                    "deadmanProperty": "mode",
                    "deadmanReleaseValue": 0,
                    "controllable": "NS",
                    "special-states": [
                        {
                            "mode": 567,
                            "setPctExt": 0
                        }
                    ],
                    "description": "Awning - RVC",
                    "name": "Awning"
                },
                "meta": {
                    "manufacturer": "",
                    "model": "",
                    "part": ""
                },
                "relatedComponents": [
                    {
                        "category": "lighting",
                        "componentType": "lz",
                        "instance": 17
                    }
                ],
                "filters": {
                    "optionCodes": "52N"
                },
                "state": {
                    "schema_request": "aw_rvc_request",
                    "schema_response": "aw_rvc_response",
                    "path": "movables.aw1",
                    "overrideMappings": {}
                }
            },
            {
                "instance": 1,
                "componentType": "so",
                "attributes": {
                    "deadmanSwitch": 1,
                    "deadmanInitialPauseMs": 1000,
                    "deadmanSendIntervalMs": 100,
                    "deadmanProperty": "mode",
                    "deadmanReleaseValue": 0,
                    "controllable": "N",
                    "lockoutStates": [
                        {
                            "eventValue": 544,
                            "triggerValue": false
                        }
                    ],
                    "warningStates": [
                        {
                            "eventValue": 580,
                            "triggerValue": false
                        },
                        {
                            "eventValue": 570,
                            "triggerValue": true
                        }
                    ],
                    "description": "Main Slideout",
                    "name": "Living Room"
                },
                "meta": {
                    "manufacturer": "Lippert",
                    "model": "700156",
                    "part": "000235616"
                },
                "relatedComponents": [
                    {
                        "category": "system",
                        "componentType": "lk",
                        "instance": 544
                    }
                ],
                "state": {
                    "schema_request": "so_basic_request",
                    "schema_response": "so_basic_response",
                    "path": "movables.so1",
                    "overrideMappings": {}
                }
            }
        ]
    },
    "category": "movables"
}
