{
    "$schema": "./$schema.json",
    "id": "s500.7054042.IM524T.vehicle.v1",
    "description": "Generated from ComponentTypes and ComponentGroups",
    "deviceType": "s500",
    "seriesModel": "7054042",
    "floorPlan": "IM524T",
    "version": "v1",
    "type": "categoryTemplate",
    "schemas": {
        "ch_sprinter_psm_request": {
            "title": "ch_sprinter_psm_request",
            "type": "object",
            "properties": {}
        },
        "ch_sprinter_psm_response": {
            "title": "ch_sprinter_psm_response",
            "type": "object",
            "properties": {
                "vin": {
                    "title": "Vin",
                    "description": "VIN (Vehicle Identification Number, unique global ID for this vehicle)",
                    "default": "ABCDEFG1234567890",
                    "type": "string"
                },
                "odo": {
                    "title": "Odo",
                    "description": "Odometer reading in KM unless converted.",
                    "default": 0.0,
                    "type": "number"
                },
                "ign": {
                    "title": "Ign",
                    "description": "Ignition state",
                    "default": 0,
                    "enum": [0, 1],
                    "type": "integer"
                },
                "parkBrk": {
                    "title": "Parkbrk",
                    "description": "Current state of the park brake as received by the PSM",
                    "default": 0,
                    "enum": [0, 1],
                    "type": "integer"
                },
                "notInPark": {
                    "title": "Notinpark",
                    "description": "Current state of the transition as received by the PSM",
                    "default": 1,
                    "enum": [0, 1],
                    "type": "integer"
                },
                "lock": {
                    "title": "Lock",
                    "description": "Vehicle door lock status as reported by the PSM, this is separate from the house door lock although the are acting together vehicle to house.",
                    "default": 594,
                    "eventID": 8426,
                    "enum": [592, 594],
                    "type": "integer"
                },
                "batVltg": {
                    "title": "Batvltg",
                    "description": "Chassis Battery Voltage",
                    "default": 0.0,
                    "type": "number"
                }
            }
        },
        "dl_basic_request": {
            "title": "dl_basic_request",
            "type": "object",
            "properties": {
                "lock": {
                    "title": "Lock",
                    "description": "Basic door lock state",
                    "default": 594,
                    "enum": [591, 593, 592, 594],
                    "type": "integer"
                }
            }
        },
        "dl_basic_response": {
            "title": "dl_basic_response",
            "type": "object",
            "properties": {
                "lock": {
                    "title": "Lock",
                    "description": "Basic door lock state",
                    "default": 594,
                    "enum": [591, 593, 592, 594],
                    "type": "integer"
                }
            }
        }
    },
    "categories": {
        "vehicle": [
            {
                "instance": 1,
                "componentType": "ch",
                "attributes": {
                    "description": "Mercedes Sprinter Chassis with PSM module",
                    "name": "Mercedes Sprinter",
                    "controllable": "N"
                },
                "meta": {
                    "manufacturer": "Mercedes Benz - TrucksX",
                    "model": "Sprinter",
                    "part": ""
                },
                "state": {
                    "schema_request": "ch_sprinter_psm_request",
                    "schema_response": "ch_sprinter_psm_response",
                    "path": "vehicle.ch1",
                    "overrideMappings": {}
                }
            },
            {
                "instance": 1,
                "componentType": "dl",
                "attributes": {
                    "description": "Handles the door lock/unlock state of the house vs. the chassis",
                    "name": "Door Lock / Unlock",
                    "controllable": "NF"
                },
                "meta": {
                    "manufacturer": "TriMark",
                    "model": "36517-01",
                    "part": "N/A"
                },
                "state": {
                    "schema_request": "dl_basic_request",
                    "schema_response": "dl_basic_response",
                    "path": "vehicle.dl1",
                    "overrideMappings": {}
                }
            }
        ]
    },
    "category": "vehicle"
}
