{
    "id": "s500.7054042.IM524T.lighting.v1",
    "description": "Generated from ComponentTypes and ComponentGroups",
    "deviceType": "s500",
    "seriesModel": "7054042",
    "floorPlan": "IM524T",
    "version": "v1",
    "type": "categoryTemplate",
    "schemas": {
        "lz_dimmable_request": {
            "title": "lz_dimmable_request",
            "type": "object",
            "properties": {
                "onOff": {
                    "title": "Onoff",
                    "description": "Schema for a simple on off state, currently allows None as the initial value",
                    "enum": [0, 1],
                    "type": "integer"
                },
                "brt": {
                    "title": "Brt",
                    "description": "Brightness level for the simple dimmable light",
                    "minimum": 5,
                    "maximum": 100,
                    "type": "integer"
                }
            }
        },
        "lz_dimmable_response": {
            "title": "lz_dimmable_response",
            "type": "object",
            "properties": {
                "onOff": {
                    "title": "Onoff",
                    "description": "Schema for a simple on off state, currently allows None as the initial value",
                    "enum": [0, 1],
                    "type": "integer"
                },
                "brt": {
                    "title": "Brt",
                    "description": "Brightness level for the simple dimmable light",
                    "minimum": 5,
                    "maximum": 100,
                    "type": "integer"
                }
            }
        },
        "lg_basic_request": {
            "title": "lg_basic_request",
            "type": "object",
            "properties": {
                "onOff": {
                    "title": "Onoff",
                    "description": "Lighting Group / Preset onOff state, OFF is a state, not settable",
                    "default": 0,
                    "enum": [0, 1],
                    "type": "integer"
                },
                "save": {
                    "title": "Save",
                    "description": "If set to True we save the current lighting settings to the light_map",
                    "enum": [1],
                    "type": "integer"
                }
            }
        },
        "lg_basic_response": {
            "title": "lg_basic_response",
            "type": "object",
            "properties": {
                "onOff": {
                    "title": "Onoff",
                    "description": "Lighting Group / Preset onOff state, OFF is a state, not settable",
                    "default": 0,
                    "enum": [0, 1],
                    "type": "integer"
                },
                "save": {
                    "title": "Save",
                    "description": "If set to True we save the current lighting settings to the light_map",
                    "enum": [1],
                    "type": "integer"
                },
                "light_map": {
                    "title": "Light Map",
                    "description": "Light state to be achieved when this preset is activated, will need to be loaded by the user DB",
                    "default": [],
                    "type": "array",
                    "items": {
                        "type": "object"
                    }
                }
            }
        },
        "lg_smart_request": {
            "title": "lg_smart_request",
            "description": "Class for the Smart Toggle lighting group.",
            "type": "object",
            "properties": {
                "onOff": {
                    "title": "Onoff",
                    "description": "Lighting Group onOff state",
                    "default": 0,
                    "enum": [0, 1],
                    "type": "integer"
                },
                "brt": {
                    "title": "Brt",
                    "description": "Brightness level for the lights of this lighting group (when on)",
                    "minimum": 5,
                    "maximum": 100,
                    "type": "integer"
                }
            }
        },
        "lg_smart_response": {
            "title": "lg_smart_response",
            "description": "Class for the Smart Toggle lighting group.",
            "type": "object",
            "properties": {
                "onOff": {
                    "title": "Onoff",
                    "description": "Lighting Group onOff state",
                    "default": 0,
                    "enum": [0, 1],
                    "type": "integer"
                }
            }
        }
    },
    "categories": {
        "lighting": [
            {
                "instance": 2,
                "componentType": "lz",
                "attributes": {
                    "description": "Dimmable Light Zone",
                    "name": "Bed 1 OVHD",
                    "controllable": "NF",
                    "type": "DIM__ITC_CHANNEL"
                },
                "meta": {
                    "manufacturer": "",
                    "model": "",
                    "part": ""
                },
                "state": {
                    "schema_request": "lz_dimmable_request",
                    "schema_response": "lz_dimmable_response",
                    "path": "lighting.lz2",
                    "overrideMappings": {}
                }
            },
            {
                "instance": 3,
                "componentType": "lz",
                "attributes": {
                    "description": "Dimmable Light Zone",
                    "name": "Bed 2 OVHD",
                    "controllable": "NF",
                    "type": "DIM__ITC_CHANNEL"
                },
                "meta": {
                    "manufacturer": "",
                    "model": "",
                    "part": ""
                },
                "state": {
                    "schema_request": "lz_dimmable_request",
                    "schema_response": "lz_dimmable_response",
                    "path": "lighting.lz3",
                    "overrideMappings": {}
                }
            },
            {
                "instance": 4,
                "componentType": "lz",
                "attributes": {
                    "description": "Dimmable Light Zone",
                    "name": "Bed Accent",
                    "controllable": "NF",
                    "type": "DIM__ITC_CHANNEL"
                },
                "meta": {
                    "manufacturer": "",
                    "model": "",
                    "part": ""
                },
                "state": {
                    "schema_request": "lz_dimmable_request",
                    "schema_response": "lz_dimmable_response",
                    "path": "lighting.lz4",
                    "overrideMappings": {}
                }
            },
            {
                "instance": 5,
                "componentType": "lz",
                "attributes": {
                    "description": "Dimmable Light Zone",
                    "name": "Bed",
                    "controllable": "NF",
                    "type": "DIM__ITC_CHANNEL"
                },
                "meta": {
                    "manufacturer": "",
                    "model": "",
                    "part": ""
                },
                "filters": {
                    "optionCodes": "^((?!31T).)*$"
                },
                "state": {
                    "schema_request": "lz_dimmable_request",
                    "schema_response": "lz_dimmable_response",
                    "path": "lighting.lz5",
                    "overrideMappings": {}
                }
            },
            {
                "instance": 6,
                "componentType": "lz",
                "attributes": {
                    "description": "Dimmable Light Zone",
                    "name": "Service",
                    "controllable": "NF",
                    "type": "DIM__ITC_CHANNEL"
                },
                "meta": {
                    "manufacturer": "",
                    "model": "",
                    "part": ""
                },
                "state": {
                    "schema_request": "lz_dimmable_request",
                    "schema_response": "lz_dimmable_response",
                    "path": "lighting.lz6",
                    "overrideMappings": {}
                }
            },
            {
                "instance": 7,
                "componentType": "lz",
                "attributes": {
                    "description": "Dimmable Light Zone",
                    "name": "Porch",
                    "controllable": "NF",
                    "type": "DIM__ITC_CHANNEL",
                    "exterior": true
                },
                "meta": {
                    "manufacturer": "",
                    "model": "",
                    "part": ""
                },
                "state": {
                    "schema_request": "lz_dimmable_request",
                    "schema_response": "lz_dimmable_response",
                    "path": "lighting.lz7",
                    "overrideMappings": {}
                }
            },
            {
                "instance": 8,
                "componentType": "lz",
                "attributes": {
                    "description": "Dimmable Light Zone",
                    "name": "Lounge",
                    "controllable": "NF",
                    "type": "DIM__ITC_CHANNEL"
                },
                "meta": {
                    "manufacturer": "",
                    "model": "",
                    "part": ""
                },
                "state": {
                    "schema_request": "lz_dimmable_request",
                    "schema_response": "lz_dimmable_response",
                    "path": "lighting.lz8",
                    "overrideMappings": {}
                }
            },
            {
                "instance": 9,
                "componentType": "lz",
                "attributes": {
                    "description": "Dimmable Light Zone",
                    "name": "Dining OVHD",
                    "controllable": "NF",
                    "type": "DIM__ITC_CHANNEL"
                },
                "meta": {
                    "manufacturer": "",
                    "model": "",
                    "part": ""
                },
                "state": {
                    "schema_request": "lz_dimmable_request",
                    "schema_response": "lz_dimmable_response",
                    "path": "lighting.lz9",
                    "overrideMappings": {}
                }
            },
            {
                "instance": 10,
                "componentType": "lz",
                "attributes": {
                    "description": "Dimmable Light Zone",
                    "name": "Galley",
                    "controllable": "NF",
                    "type": "DIM__ITC_CHANNEL"
                },
                "meta": {
                    "manufacturer": "",
                    "model": "",
                    "part": ""
                },
                "state": {
                    "schema_request": "lz_dimmable_request",
                    "schema_response": "lz_dimmable_response",
                    "path": "lighting.lz10",
                    "overrideMappings": {}
                }
            },
            {
                "instance": 11,
                "componentType": "lz",
                "attributes": {
                    "description": "Dimmable Light Zone",
                    "name": "Galley OVHD",
                    "controllable": "NF",
                    "type": "DIM__ITC_CHANNEL"
                },
                "meta": {
                    "manufacturer": "",
                    "model": "",
                    "part": ""
                },
                "state": {
                    "schema_request": "lz_dimmable_request",
                    "schema_response": "lz_dimmable_response",
                    "path": "lighting.lz11",
                    "overrideMappings": {}
                }
            },
            {
                "instance": 12,
                "componentType": "lz",
                "attributes": {
                    "description": "Dimmable Light Zone",
                    "name": "Wardrobe",
                    "controllable": "NF",
                    "type": "DIM__ITC_CHANNEL"
                },
                "meta": {
                    "manufacturer": "",
                    "model": "",
                    "part": ""
                },
                "state": {
                    "schema_request": "lz_dimmable_request",
                    "schema_response": "lz_dimmable_response",
                    "path": "lighting.lz12",
                    "overrideMappings": {}
                }
            },
            {
                "instance": 13,
                "componentType": "lz",
                "attributes": {
                    "description": "Dimmable Light Zone",
                    "name": "Bath Light",
                    "controllable": "NF",
                    "type": "DIM__ITC_CHANNEL"
                },
                "meta": {
                    "manufacturer": "",
                    "model": "",
                    "part": ""
                },
                "state": {
                    "schema_request": "lz_dimmable_request",
                    "schema_response": "lz_dimmable_response",
                    "path": "lighting.lz13",
                    "overrideMappings": {}
                }
            },
            {
                "instance": 14,
                "componentType": "lz",
                "attributes": {
                    "description": "Dimmable Light Zone",
                    "name": "Bath Accent",
                    "controllable": "NF",
                    "type": "DIM__ITC_CHANNEL"
                },
                "meta": {
                    "manufacturer": "",
                    "model": "",
                    "part": ""
                },
                "state": {
                    "schema_request": "lz_dimmable_request",
                    "schema_response": "lz_dimmable_response",
                    "path": "lighting.lz14",
                    "overrideMappings": {}
                }
            },
            {
                "instance": 15,
                "componentType": "lz",
                "attributes": {
                    "description": "Dimmable Light Zone",
                    "name": "Compartment",
                    "controllable": "NF",
                    "type": "DIM__ITC_CHANNEL",
                    "hidden": true,
                    "autoOn": true
                },
                "meta": {
                    "manufacturer": "",
                    "model": "",
                    "part": ""
                },
                "state": {
                    "schema_request": "lz_dimmable_request",
                    "schema_response": "lz_dimmable_response",
                    "path": "lighting.lz15",
                    "overrideMappings": {}
                }
            },
            {
                "instance": 16,
                "componentType": "lz",
                "attributes": {
                    "description": "Dimmable Light Zone",
                    "name": "Drawer and Front OVHD",
                    "controllable": "NF",
                    "type": "DIM__ITC_CHANNEL",
                    "hidden": true,
                    "autoOn": true
                },
                "meta": {
                    "manufacturer": "",
                    "model": "",
                    "part": ""
                },
                "state": {
                    "schema_request": "lz_dimmable_request",
                    "schema_response": "lz_dimmable_response",
                    "path": "lighting.lz16",
                    "overrideMappings": {}
                }
            },
            {
                "instance": 17,
                "componentType": "lz",
                "attributes": {
                    "description": "Awning light",
                    "name": "Awning Light",
                    "controllable": "NF",
                    "exterior": true,
                    "type": "RVC__DC_DIMMER",
                    "canInstance": 1
                },
                "meta": {
                    "manufacturer": "CareFree",
                    "model": "",
                    "part": ""
                },
                "relatedComponents": [
                    {
                        "category": "movables",
                        "componentType": "aw",
                        "instance": 1
                    }
                ],
                "filters": {
                    "optionCodes": "52N"
                },
                "state": {
                    "schema_request": "lz_dimmable_request",
                    "schema_response": "lz_dimmable_response",
                    "path": "lighting.lz17",
                    "overrideMappings": {}
                }
            },
            {
                "instance": 0,
                "componentType": "lg",
                "attributes": {
                    "description": "Smart light group",
                    "name": "Smarttoggle",
                    "controllable": "NF",
                    "type": "LG_SMART"
                },
                "state": {
                    "schema_request": "lg_smart_request",
                    "schema_response": "lg_smart_response",
                    "path": "lighting.lg0",
                    "overrideMappings": {}
                }
            },
            {
                "instance": 1,
                "componentType": "lg",
                "attributes": {
                    "description": "User Preset 1",
                    "name": "Preset 1",
                    "controllable": "NF",
                    "type": "LG_PRESET"
                },
                "state": {
                    "schema_request": "lg_basic_request",
                    "schema_response": "lg_basic_response",
                    "path": "lighting.lg1",
                    "overrideMappings": {}
                }
            },
            {
                "instance": 2,
                "componentType": "lg",
                "attributes": {
                    "description": "User Preset 2",
                    "name": "Preset 2",
                    "controllable": "NF",
                    "type": "LG_PRESET"
                },
                "state": {
                    "schema_request": "lg_basic_request",
                    "schema_response": "lg_basic_response",
                    "path": "lighting.lg2",
                    "overrideMappings": {}
                }
            },
            {
                "instance": 3,
                "componentType": "lg",
                "attributes": {
                    "description": "User Preset 3",
                    "name": "Preset 3",
                    "controllable": "NF",
                    "type": "LG_PRESET"
                },
                "state": {
                    "schema_request": "lg_basic_request",
                    "schema_response": "lg_basic_response",
                    "path": "lighting.lg3",
                    "overrideMappings": {}
                }
            },
            {
                "instance": 99,
                "componentType": "lg",
                "attributes": {
                    "description": "Interior light group",
                    "name": "Interior",
                    "controllable": "NF",
                    "type": "LG_INTERIOR"
                },
                "state": {
                    "schema_request": "lg_basic_request",
                    "schema_response": "lg_basic_response",
                    "path": "lighting.lg99",
                    "overrideMappings": {}
                }
            },
            {
                "instance": 100,
                "componentType": "lg",
                "attributes": {
                    "description": "Exterior light group",
                    "name": "Exterior",
                    "controllable": "NF",
                    "type": "LG_EXTERIOR"
                },
                "state": {
                    "schema_request": "lg_basic_request",
                    "schema_response": "lg_basic_response",
                    "path": "lighting.lg100",
                    "overrideMappings": {}
                }
            },
            {
                "instance": 101,
                "componentType": "lg",
                "attributes": {
                    "description": "Smart lighting group for all lights",
                    "name": "All Lights",
                    "controllable": "NF",
                    "type": "LG_ALL"
                },
                "state": {
                    "schema_request": "lg_smart_request",
                    "schema_response": "lg_smart_response",
                    "path": "lighting.lg101",
                    "overrideMappings": {}
                }
            }
        ]
    },
    "category": "lighting"
}
