{
    "$schema": "./$schema.json",
    "id": "s500.7054042.IM524T.system.v1",
    "description": "Generated from ComponentTypes and ComponentGroups",
    "deviceType": "s500",
    "seriesModel": "7054042",
    "floorPlan": "IM524T",
    "version": "v1",
    "type": "categoryTemplate",
    "schemas": {
        "lk_basic_request": {
            "title": "lk_basic_request",
            "description": "Basic Lockout state.",
            "type": "object",
            "properties": {}
        },
        "lk_basic_response": {
            "title": "lk_basic_response",
            "description": "Basic Lockout state.",
            "type": "object",
            "properties": {
                "active": {
                    "title": "Active",
                    "description": "Lockout state is active or inactive",
                    "default": true,
                    "type": "boolean"
                }
            }
        },
        "lk_timebased_dynamic_request": {
            "title": "lk_timebased_dynamic_request",
            "description": "Dynamic Timer Based Lockout state.",
            "type": "object",
            "properties": {}
        },
        "lk_timebased_dynamic_response": {
            "title": "lk_timebased_dynamic_response",
            "description": "Dynamic Timer Based Lockout state.",
            "type": "object",
            "properties": {
                "active": {
                    "title": "Active",
                    "description": "Lockout state is active or inactive",
                    "default": true,
                    "type": "boolean"
                },
                "expiry": {
                    "title": "Expiry",
                    "description": "Expiry epoch time in UTC in ms",
                    "type": "integer"
                },
                "durationSeconds": {
                    "title": "Durationseconds",
                    "description": "Remaining seconds until this expires as caluclated by the coach.",
                    "type": "integer"
                }
            }
        }
    },
    "categories": {
        "system": [
            {
                "instance": 544,
                "componentType": "lk",
                "attributes": {
                    "description": "Is the park brake currently released",
                    "name": "Park Brake Applied",
                    "controllable": "NF"
                },
                "relatedComponents": [
                    {
                        "category": "movables",
                        "componentType": "so",
                        "instance": 1
                    }
                ],
                "state": {
                    "schema_request": "lk_basic_request",
                    "schema_response": "lk_basic_response",
                    "path": "system.lk544",
                    "overrideMappings": {}
                }
            },
            {
                "instance": 580,
                "componentType": "lk",
                "attributes": {
                    "description": "Is the ignition on",
                    "name": "Ignition On State",
                    "controllable": "NF"
                },
                "relatedComponents": [
                    {
                        "category": "movables",
                        "componentType": "so",
                        "instance": 1
                    }
                ],
                "state": {
                    "schema_request": "lk_basic_request",
                    "schema_response": "lk_basic_response",
                    "path": "system.lk580",
                    "overrideMappings": {}
                }
            },
            {
                "instance": 570,
                "componentType": "lk",
                "attributes": {
                    "description": "Might cause warnings or lockouts based on low voltage",
                    "name": "Low voltage on house battery.",
                    "controllable": "NF"
                },
                "relatedComponents": [
                    {
                        "category": "movables",
                        "componentType": "so",
                        "instance": 1
                    },
                    {
                        "category": "energy",
                        "componentType": "ei",
                        "instance": 1
                    }
                ],
                "state": {
                    "schema_request": "lk_basic_request",
                    "schema_response": "lk_basic_response",
                    "path": "system.lk570",
                    "overrideMappings": {}
                }
            },
            {
                "instance": 595,
                "componentType": "lk",
                "attributes": {
                    "description": "The indicator if the vehicle gear is currently park or anything else, might be drive, neutral etc.",
                    "name": "Vehicle Not in Park",
                    "controllable": "NF"
                },
                "state": {
                    "schema_request": "lk_basic_request",
                    "schema_response": "lk_basic_response",
                    "path": "system.lk595",
                    "overrideMappings": {}
                }
            },
            {
                "instance": 596,
                "componentType": "lk",
                "attributes": {
                    "description": "System is currently applying load shedding. Generic status if anything is being shed.",
                    "name": "System in Load shedding",
                    "controllable": "NF"
                },
                "state": {
                    "schema_request": "lk_basic_request",
                    "schema_response": "lk_basic_response",
                    "path": "system.lk596",
                    "overrideMappings": {}
                }
            },
            {
                "instance": 4002,
                "componentType": "lk",
                "attributes": {
                    "description": "Generator cannot be used currently as it is cooling down.",
                    "name": "Generator Cool Down Required",
                    "controllable": "NF",
                    "uiMsgSubtext": "Generator cool down, try again in {timer} minutes",
                    "timerUnit": "MINUTES",
                    "defaultActive": false
                },
                "state": {
                    "schema_request": "lk_timebased_dynamic_request",
                    "schema_response": "lk_timebased_dynamic_response",
                    "path": "system.lk4002",
                    "overrideMappings": {}
                }
            },
            {
                "instance": 4003,
                "componentType": "lk",
                "attributes": {
                    "description": "Generator just changed state, wait 15 seconds to change again.",
                    "name": "Generator Wait Required",
                    "controllable": "NF",
                    "uiMsgSubtext": "Generator wait period, try again in {timer} seconds",
                    "timerUnit": "SECONDS",
                    "defaultActive": false
                },
                "state": {
                    "schema_request": "lk_timebased_dynamic_request",
                    "schema_response": "lk_timebased_dynamic_response",
                    "path": "system.lk4003",
                    "overrideMappings": {}
                }
            },
            {
                "instance": 601,
                "componentType": "lk",
                "attributes": {
                    "description": "Generator cannot be used as fuel source is empty.",
                    "name": "Fuel Source is Empty",
                    "controllable": "NF",
                    "defaultActive": false
                },
                "relatedComponents": [
                    {
                        "category": "energy",
                        "componentType": "ft",
                        "instance": 1
                    }
                ],
                "state": {
                    "schema_request": "lk_basic_request",
                    "schema_response": "lk_basic_response",
                    "path": "system.lk601",
                    "overrideMappings": {}
                }
            },
            {
                "instance": 599,
                "componentType": "lk",
                "attributes": {
                    "description": "Generic lockout if fuel is below TBD threshold.",
                    "name": "Fuel Source is low",
                    "controllable": "NF",
                    "defaultActive": false
                },
                "relatedComponents": [
                    {
                        "category": "energy",
                        "componentType": "ft",
                        "instance": 1
                    }
                ],
                "state": {
                    "schema_request": "lk_basic_request",
                    "schema_response": "lk_basic_response",
                    "path": "system.lk599",
                    "overrideMappings": {}
                }
            },
            {
                "instance": 4006,
                "componentType": "lk",
                "attributes": {
                    "description": "The User is running a manual decalcification, we should not attempt to conrtrol the water heater",
                    "name": "DeCalc status received from RCV WH",
                    "controllable": "NF",
                    "defaultActive": false
                },
                "relatedComponents": [
                    {
                        "category": "watersystems",
                        "componentType": "wh",
                        "instance": 1
                    }
                ],
                "state": {
                    "schema_request": "lk_basic_request",
                    "schema_response": "lk_basic_response",
                    "path": "system.lk4006",
                    "overrideMappings": {}
                }
            }
        ]
    },
    "category": "system"
}
