{
    "id": "s500.1054042.WM524T.features.v1",
    "description": "Generated from ComponentTypes and ComponentGroups",
    "deviceType": "s500",
    "seriesModel": "1054042",
    "floorPlan": "WM524T",
    "version": "v1",
    "type": "categoryTemplate",
    "schemas": {
        "dx_TEST_FACILITY_request": {
            "title": "dx_TEST_FACILITY_request",
            "type": "object",
            "properties": {
                "id": {
                    "title": "Id",
                    "description": "Unique ID for this remote test, based on timer. In conjunction with deviceType and plan become unique enough for tracking",
                    "type": "string"
                },
                "plan": {
                    "title": "Plan",
                    "description": "Pre loaded / side loaded test plan name that will be executed.",
                    "default": "DEFAULT_REGRESSION",
                    "type": "string"
                },
                "path": {
                    "title": "Path",
                    "description": "Holds a non default path to report results on. Otherwise use default",
                    "type": "string"
                }
            }
        },
        "dx_TEST_FACILITY_response": {
            "title": "dx_TEST_FACILITY_response",
            "type": "object",
            "properties": {
                "id": {
                    "title": "Id",
                    "description": "Unique ID for this remote test, based on timer. In conjunction with deviceType and plan become unique enough for tracking",
                    "type": "string"
                },
                "plan": {
                    "title": "Plan",
                    "description": "Pre loaded / side loaded test plan name that will be executed.",
                    "default": "DEFAULT_REGRESSION",
                    "type": "string"
                },
                "path": {
                    "title": "Path",
                    "description": "Holds a non default path to report results on. Otherwise use default",
                    "type": "string"
                }
            }
        },
        "dx_CAN_request": {
            "title": "dx_CAN_request",
            "type": "object",
            "properties": {
                "canScan": {
                    "title": "Canscan",
                    "description": "Initiate a new can scan, can be filtered by query parameters to the API call",
                    "default": 0,
                    "enum": [1, 0],
                    "type": "integer"
                }
            }
        },
        "dx_CAN_response": {
            "title": "dx_CAN_response",
            "type": "object",
            "properties": {
                "canInv": {
                    "title": "Caninv",
                    "description": "Contains the current CAN inventory, which can be a big object. Allow filtering for retrival, use the same filter as in query for scanning.",
                    "default": {},
                    "type": "object"
                },
                "canScan": {
                    "title": "Canscan",
                    "description": "Initiate a new can scan, can be filtered by query parameters to the API call",
                    "default": 0,
                    "enum": [1, 0],
                    "type": "integer"
                },
                "errors": {
                    "title": "Errors",
                    "description": "Contains current list of active CAN related errors",
                    "default": [],
                    "type": "array",
                    "items": {}
                }
            }
        },
        "pm_basic_request": {
            "title": "pm_basic_request",
            "description": "State for the pet minder feature.\nThis holds the settings that drive the further algorithm\nfor event and alert generation.",
            "type": "object",
            "properties": {
                "onOff": {
                    "title": "Onoff",
                    "description": "Feature enabled / disabled",
                    "default": 0,
                    "enum": [0, 1],
                    "type": "integer"
                },
                "enabled": {
                    "title": "Enabled",
                    "description": "Has the user enabled this feature, this is setting to drive UI, and is a precondition for it to be show in home and drive notifications",
                    "default": 0,
                    "enum": [0, 1],
                    "type": "integer"
                },
                "setLimitHi": {
                    "title": "Setlimithi",
                    "description": "The temperature that we should not exceed in the coach, drives warnings and alerts",
                    "default": 0,
                    "type": "number"
                },
                "setLimitLo": {
                    "title": "Setlimitlo",
                    "description": "The temperature that we should not drop below in the coach, drives warnings and alerts",
                    "default": 0,
                    "type": "number"
                }
            }
        },
        "pm_basic_response": {
            "title": "pm_basic_response",
            "description": "State for the pet minder feature.\nThis holds the settings that drive the further algorithm\nfor event and alert generation.",
            "type": "object",
            "properties": {
                "onOff": {
                    "title": "Onoff",
                    "description": "Feature enabled / disabled",
                    "default": 0,
                    "enum": [0, 1],
                    "type": "integer"
                },
                "enabled": {
                    "title": "Enabled",
                    "description": "Has the user enabled this feature, this is setting to drive UI, and is a precondition for it to be show in home and drive notifications",
                    "default": 0,
                    "enum": [0, 1],
                    "type": "integer"
                },
                "setLimitHi": {
                    "title": "Setlimithi",
                    "description": "The temperature that we should not exceed in the coach, drives warnings and alerts",
                    "default": 0,
                    "type": "number"
                },
                "setLimitLo": {
                    "title": "Setlimitlo",
                    "description": "The temperature that we should not drop below in the coach, drives warnings and alerts",
                    "default": 0,
                    "type": "number"
                }
            }
        },
        "wx_basic_request": {
            "title": "wx_basic_request",
            "description": "State for weather.",
            "type": "object",
            "properties": {
                "onOff": {
                    "title": "Onoff",
                    "description": "Feature enabled / disabled",
                    "default": 1,
                    "enum": [0, 1],
                    "type": "integer"
                },
                "inMtnTimer": {
                    "title": "Inmtntimer",
                    "description": "Minutes in motion to consider refreshing weather",
                    "default": 10,
                    "type": "integer"
                },
                "trvlDist": {
                    "title": "Trvldist",
                    "description": "Distance to travel before making another call to weather endpoint",
                    "default": 60,
                    "type": "integer"
                },
                "process": {
                    "title": "Process",
                    "description": "If 1 then execute the weather feature GET request to obtain latest alerts.Only expected from the platform.",
                    "default": 0,
                    "enum": [0, 1],
                    "type": "integer"
                }
            }
        },
        "wx_basic_response": {
            "title": "wx_basic_response",
            "description": "State for weather.",
            "type": "object",
            "properties": {
                "onOff": {
                    "title": "Onoff",
                    "description": "Feature enabled / disabled",
                    "default": 1,
                    "enum": [0, 1],
                    "type": "integer"
                },
                "inMtnTimer": {
                    "title": "Inmtntimer",
                    "description": "Minutes in motion to consider refreshing weather",
                    "default": 10,
                    "type": "integer"
                },
                "trvlDist": {
                    "title": "Trvldist",
                    "description": "Distance to travel before making another call to weather endpoint",
                    "default": 60,
                    "type": "integer"
                },
                "process": {
                    "title": "Process",
                    "description": "If 1 then execute the weather feature GET request to obtain latest alerts.Only expected from the platform.",
                    "default": 0,
                    "enum": [0, 1],
                    "type": "integer"
                }
            }
        }
    },
    "categories": {
        "features": [
            {
                "instance": 1,
                "componentType": "dx",
                "attributes": {
                    "name": "Remote Testing Facilitator",
                    "description": "Allows remote tests to be performed",
                    "type": "REMOTE_TEST"
                },
                "state": {
                    "schema_request": "dx_TEST_FACILITY_request",
                    "schema_response": "dx_TEST_FACILITY_response",
                    "path": "features.dx1",
                    "overrideMappings": {}
                }
            },
            {
                "instance": 2,
                "componentType": "dx",
                "attributes": {
                    "name": "CAN Diagnostics",
                    "description": "Provides access to CAN diagnostics",
                    "type": "CAN_INVENTORY"
                },
                "state": {
                    "schema_request": "dx_CAN_request",
                    "schema_response": "dx_CAN_response",
                    "path": "features.dx2",
                    "overrideMappings": {}
                }
            },
            {
                "instance": 1,
                "componentType": "pm",
                "attributes": {
                    "description": "Pet Minder Feature Virtual Component",
                    "name": "Pet Minder",
                    "controllable": "NF",
                    "type": "basic"
                },
                "state": {
                    "schema_request": "pm_basic_request",
                    "schema_response": "pm_basic_response",
                    "path": "features.pm1",
                    "overrideMappings": {}
                }
            },
            {
                "instance": 1,
                "componentType": "wx",
                "attributes": {
                    "description": "Weather Alerts - Settings Virtual Component",
                    "name": "Weather Alerts",
                    "controllable": "NF",
                    "type": "basic",
                    "minTravelDistanceMiles": 60
                },
                "state": {
                    "schema_request": "wx_basic_request",
                    "schema_response": "wx_basic_response",
                    "path": "features.wx1",
                    "overrideMappings": {}
                }
            }
        ]
    },
    "category": "features"
}
