{
    "$schema": "./$schema.json",
    "id": "s500.7054042.IM524T.climate.v1",
    "description": "Generated from ComponentTypes and ComponentGroups",
    "deviceType": "s500",
    "seriesModel": "7054042",
    "floorPlan": "IM524T",
    "version": "v1",
    "type": "categoryTemplate",
    "schemas": {
        "th_virtual_request": {
            "title": "th_virtual_request",
            "description": "Virtual Thermostat state",
            "type": "object",
            "properties": {
                "onOff": {
                    "title": "Onoff",
                    "description": "Thermostat overall state, if off all climate functionality in this zone is off",
                    "default": 0,
                    "enum": [0, 1],
                    "type": "integer"
                },
                "setTempHeat": {
                    "title": "Settempheat",
                    "description": "Temperature the heating system shall maintain if in auto or heat mode",
                    "type": "number"
                },
                "setTempCool": {
                    "title": "Settempcool",
                    "description": "Temperature the cooling system shall maintain if in auto or cool mode",
                    "type": "number"
                },
                "setMode": {
                    "title": "Setmode",
                    "description": "Desired mode the climate system is set to by user",
                    "default": 519,
                    "enum": [0, 519, 518, 517, 520],
                    "type": "integer"
                },
                "unit": {
                    "title": "Unit",
                    "description": "Unit of temperature",
                    "default": "F",
                    "enum": ["F", "C"],
                    "type": "string"
                }
            }
        },
        "th_virtual_response": {
            "title": "th_virtual_response",
            "description": "Virtual Thermostat state",
            "type": "object",
            "properties": {
                "onOff": {
                    "title": "Onoff",
                    "description": "Thermostat overall state, if off all climate functionality in this zone is off",
                    "default": 0,
                    "enum": [0, 1],
                    "type": "integer"
                },
                "temp": {
                    "title": "Temp",
                    "description": "Interior temperature for that zone",
                    "type": "number"
                },
                "setTempHeat": {
                    "title": "Settempheat",
                    "description": "Temperature the heating system shall maintain if in auto or heat mode",
                    "type": "number"
                },
                "setTempCool": {
                    "title": "Settempcool",
                    "description": "Temperature the cooling system shall maintain if in auto or cool mode",
                    "type": "number"
                },
                "setMode": {
                    "title": "Setmode",
                    "description": "Desired mode the climate system is set to by user",
                    "default": 519,
                    "enum": [0, 519, 518, 517, 520],
                    "type": "integer"
                },
                "mode": {
                    "title": "Mode",
                    "description": "The current mode of the system is operating in.",
                    "default": 0,
                    "enum": [0, 519, 518, 517, 520, 568],
                    "type": "integer"
                },
                "unit": {
                    "title": "Unit",
                    "description": "Unit of temperature",
                    "default": "F",
                    "enum": ["F", "C"],
                    "type": "string"
                }
            }
        },
        "he_basic_request": {
            "title": "he_basic_request",
            "type": "object",
            "properties": {
                "onOff": {
                    "title": "Onoff",
                    "description": "Heater On Off state from event values",
                    "default": 0,
                    "enum": [0, 1],
                    "type": "integer"
                }
            }
        },
        "he_basic_response": {
            "title": "he_basic_response",
            "type": "object",
            "properties": {
                "onOff": {
                    "title": "Onoff",
                    "description": "Heater On Off state from event values",
                    "default": 0,
                    "enum": [0, 1],
                    "type": "integer"
                }
            }
        },
        "rv_advanced_request": {
            "title": "rv_advanced_request",
            "description": "State for Dometic or similar fans based on RV-C",
            "type": "object",
            "properties": {
                "onOff": {
                    "title": "Onoff",
                    "description": "Overall system mode onOff for the Roof fan",
                    "default": 0,
                    "enum": [0, 1],
                    "type": "integer"
                },
                "dome": {
                    "title": "Dome",
                    "description": "Dome status for RV-C, Opened, Closed",
                    "default": 526,
                    "enum": [0, 1, 526, 525],
                    "type": "integer"
                },
                "direction": {
                    "title": "Direction",
                    "description": "Fan wind direction, IN/OUT",
                    "default": 529,
                    "enum": [529, 530],
                    "type": "integer"
                },
                "fanSpd": {
                    "title": "Fanspd",
                    "description": "Speed of the fan in ",
                    "default": 106,
                    "enum": [0, 53, 106, 52],
                    "type": "integer"
                },
                "rain": {
                    "title": "Rain",
                    "description": "State of the rain sensor, not available on all fans",
                    "default": 0,
                    "enum": [0, 1],
                    "type": "integer"
                }
            }
        },
        "rv_advanced_response": {
            "title": "rv_advanced_response",
            "description": "State for Dometic or similar fans based on RV-C",
            "type": "object",
            "properties": {
                "onOff": {
                    "title": "Onoff",
                    "description": "Overall system mode onOff for the Roof fan",
                    "default": 0,
                    "enum": [0, 1],
                    "type": "integer"
                },
                "dome": {
                    "title": "Dome",
                    "description": "Dome status for RV-C, Opened, Closed",
                    "default": 526,
                    "enum": [0, 1, 526, 525],
                    "type": "integer"
                },
                "direction": {
                    "title": "Direction",
                    "description": "Fan wind direction, IN/OUT",
                    "default": 529,
                    "enum": [529, 530],
                    "type": "integer"
                },
                "fanSpd": {
                    "title": "Fanspd",
                    "description": "Speed of the fan in ",
                    "default": 106,
                    "enum": [0, 53, 106, 52],
                    "type": "integer"
                },
                "rain": {
                    "title": "Rain",
                    "description": "State of the rain sensor, not available on all fans",
                    "default": 0,
                    "enum": [0, 1],
                    "type": "integer"
                }
            }
        },
        "ac_rvc_truma_request": {
            "title": "ac_rvc_truma_request",
            "description": "State for Truma RVC AC.",
            "type": "object",
            "properties": {
                "fanMode": {
                    "title": "Fanmode",
                    "description": "Desired Fan Speed mode",
                    "enum": [0, 53, 106, 52],
                    "type": "integer"
                }
            }
        },
        "ac_rvc_truma_response": {
            "title": "ac_rvc_truma_response",
            "description": "State for Truma RVC AC.",
            "type": "object",
            "properties": {
                "comp": {
                    "title": "Comp",
                    "description": "Is the compressor on or off",
                    "enum": [0, 1],
                    "type": "integer"
                },
                "fanMode": {
                    "title": "Fanmode",
                    "description": "Desired Fan Speed mode",
                    "enum": [0, 53, 106, 52],
                    "type": "integer"
                },
                "fanSpd": {
                    "title": "Fanspd",
                    "description": "Actual current Fan Speed",
                    "enum": [0, 53, 106, 52],
                    "type": "integer"
                }
            }
        },
        "ac_rvc_ge_request": {
            "title": "ac_rvc_ge_request",
            "type": "object",
            "properties": {
                "fanMode": {
                    "title": "Fanmode",
                    "description": "Desired Fan Speed mode",
                    "default": 0,
                    "enum": [0, 53, 52],
                    "type": "integer"
                }
            }
        },
        "ac_rvc_ge_response": {
            "title": "ac_rvc_ge_response",
            "type": "object",
            "properties": {
                "comp": {
                    "title": "Comp",
                    "description": "Is the compressor on or off",
                    "default": 0,
                    "enum": [0, 1],
                    "type": "integer"
                },
                "fanMode": {
                    "title": "Fanmode",
                    "description": "Desired Fan Speed mode",
                    "default": 0,
                    "enum": [0, 53, 52],
                    "type": "integer"
                },
                "fanSpd": {
                    "title": "Fanspd",
                    "description": "Actual current Fan Speed",
                    "default": 0,
                    "enum": [0, 53, 52],
                    "type": "integer"
                }
            }
        },
        "he_heatpump_request": {
            "title": "he_heatpump_request",
            "description": "Virtual component to drive heat source settings.\nElwell would provide additional attributes to refer fuel, furnace/heatpump use LP and Electric.",
            "type": "object",
            "properties": {
                "heatSrc": {
                    "title": "Heatsrc",
                    "description": "Source of heat energy in case multiple sources are available",
                    "default": 500,
                    "enum": [500, 105, 519],
                    "type": "integer"
                }
            }
        },
        "he_heatpump_response": {
            "title": "he_heatpump_response",
            "description": "Virtual component to drive heat source settings.\nElwell would provide additional attributes to refer fuel, furnace/heatpump use LP and Electric.",
            "type": "object",
            "properties": {
                "onOff": {
                    "title": "Onoff",
                    "description": "Current state of this heat source/pump",
                    "default": 0,
                    "enum": [0, 1],
                    "type": "integer"
                },
                "heatSrc": {
                    "title": "Heatsrc",
                    "description": "Source of heat energy in case multiple sources are available",
                    "default": 500,
                    "enum": [500, 105, 519],
                    "type": "integer"
                }
            }
        },
        "th_outdoor_request": {
            "title": "th_outdoor_request",
            "type": "object",
            "properties": {}
        },
        "th_outdoor_response": {
            "title": "th_outdoor_response",
            "type": "object",
            "properties": {
                "temp": {
                    "title": "Temp",
                    "description": "Outdoor temperature",
                    "type": "number"
                }
            }
        }
    },
    "categories": {
        "climate": [
            {
                "instance": 1,
                "componentType": "th",
                "attributes": {
                    "controllable": "NF",
                    "description": "Virtual Thermostat",
                    "name": "Thermostat"
                },
                "meta": {
                    "manufacturer": "Winnebago",
                    "model": "WinnConnect Virtual Thermostat",
                    "part": "WC-TH-VIRTUAL"
                },
                "state": {
                    "schema_request": "th_virtual_request",
                    "schema_response": "th_virtual_response",
                    "path": "climate.th1",
                    "overrideMappings": {}
                }
            },
            {
                "instance": 1,
                "componentType": "he",
                "attributes": {
                    "description": "Dometic LP Furnace",
                    "name": "Heater (LP Furnace)",
                    "controllable": "NF"
                },
                "meta": {
                    "manufacturer": "Dometic Corporation",
                    "model": "20298",
                    "part": "DFMD25"
                },
                "state": {
                    "schema_request": "he_basic_request",
                    "schema_response": "he_basic_response",
                    "path": "climate.he1",
                    "overrideMappings": {}
                }
            },
            {
                "instance": 1,
                "componentType": "rv",
                "attributes": {
                    "description": "Main Roof Fan",
                    "name": "Lounge Vent",
                    "controllable": "NF"
                },
                "meta": {
                    "manufacturer": "Dometic",
                    "model": "FanTastic 5300",
                    "part": "FV5300HWUWD81-SP"
                },
                "state": {
                    "schema_request": "rv_advanced_request",
                    "schema_response": "rv_advanced_response",
                    "path": "climate.rv1",
                    "overrideMappings": {}
                }
            },
            {
                "instance": 2,
                "componentType": "rv",
                "attributes": {
                    "description": "Bath Roof Fan",
                    "name": "Bathroom Vent",
                    "controllable": "NF"
                },
                "meta": {
                    "manufacturer": "Dometic",
                    "model": "FanTastic 5300",
                    "part": "FV5300HWUWD81-SP"
                },
                "state": {
                    "schema_request": "rv_advanced_request",
                    "schema_response": "rv_advanced_response",
                    "path": "climate.rv2",
                    "overrideMappings": {}
                }
            },
            {
                "instance": 1,
                "componentType": "ac",
                "attributes": {
                    "description": "Air conditioner option 291 - Truma",
                    "name": "Truma - Air Conditioning",
                    "controllable": "NF"
                },
                "meta": {
                    "manufacturer": "Truma",
                    "model": "Aventa Comfort",
                    "part": "000265395"
                },
                "filters": {
                    "optionCodes": "291"
                },
                "state": {
                    "schema_request": "ac_rvc_truma_request",
                    "schema_response": "ac_rvc_truma_response",
                    "path": "climate.ac1",
                    "overrideMappings": {}
                }
            },
            {
                "instance": 1,
                "componentType": "ac",
                "attributes": {
                    "description": "Air conditioner option 29J - GE with Heatpump",
                    "name": "GE - Air Conditioning",
                    "controllable": "NF"
                },
                "meta": {
                    "manufacturer": "",
                    "model": "",
                    "part": ""
                },
                "relatedComponents": [
                    {
                        "category": "climate",
                        "componentType": "he",
                        "instance": 2
                    }
                ],
                "filters": {
                    "optionCodes": "29J"
                },
                "state": {
                    "schema_request": "ac_rvc_ge_request",
                    "schema_response": "ac_rvc_ge_response",
                    "path": "climate.ac1",
                    "overrideMappings": {}
                }
            },
            {
                "instance": 2,
                "componentType": "he",
                "attributes": {
                    "description": "GE AC Heatpump Component",
                    "name": "GE AC Heatpump",
                    "controllable": "NF"
                },
                "meta": {
                    "manufacturer": "",
                    "model": "",
                    "part": ""
                },
                "relatedComponents": [
                    {
                        "category": "climate",
                        "componentType": "ac",
                        "instance": 1
                    },
                    {
                        "category": "energy",
                        "componentType": "ft",
                        "instance": 1
                    },
                    {
                        "category": "energy",
                        "componentType": "bm",
                        "instance": 1
                    }
                ],
                "filters": {
                    "optionCodes": "29J"
                },
                "state": {
                    "schema_request": "he_heatpump_request",
                    "schema_response": "he_heatpump_response",
                    "path": "climate.he2",
                    "overrideMappings": {}
                }
            },
            {
                "instance": 2,
                "componentType": "th",
                "attributes": {
                    "controllable": "NF",
                    "description": "Outdoor Temp Sensor",
                    "name": "Outdoor"
                },
                "meta": {
                    "manufacturer": "",
                    "model": "",
                    "part": ""
                },
                "state": {
                    "schema_request": "th_outdoor_request",
                    "schema_response": "th_outdoor_response",
                    "path": "climate.th2",
                    "overrideMappings": {}
                }
            }
        ]
    },
    "category": "climate"
}
