{
    "$schema": "./$schema.json",
    "id": "s500.1054042.WM524T.energy.v1",
    "description": "Generated from ComponentTypes and ComponentGroups",
    "deviceType": "s500",
    "seriesModel": "1054042",
    "floorPlan": "WM524T",
    "version": "v1",
    "type": "categoryTemplate",
    "schemas": {
        "bm_basic_request": {
            "title": "bm_basic_request",
            "type": "object",
            "properties": {}
        },
        "bm_basic_response": {
            "title": "bm_basic_response",
            "type": "object",
            "properties": {
                "temp": {
                    "title": "Temp",
                    "description": "BMS Temperature in celcius",
                    "minimum": -273,
                    "maximum": 1735,
                    "type": "integer"
                },
                "soc": {
                    "title": "Soc",
                    "description": "State of Charge in the Battery",
                    "minimum": 0,
                    "maximum": 100,
                    "type": "integer"
                },
                "vltg": {
                    "title": "Vltg",
                    "description": "Voltage in Volts",
                    "minimum": 0,
                    "maximum": 100,
                    "type": "integer"
                },
                "dcCur": {
                    "title": "Dccur",
                    "description": "DC current in Amps",
                    "type": "integer"
                },
                "dcPwr": {
                    "title": "Dcpwr",
                    "description": "Net power watts - negative if draw - positive if gain",
                    "type": "integer"
                },
                "tte": {
                    "title": "Tte",
                    "description": "Time to event Minutes, if charging time till full, if discharging time till empty",
                    "default": 523,
                    "enum": [523, 524],
                    "type": "integer"
                },
                "minsTillFull": {
                    "title": "Minstillfull",
                    "description": "Actual minutes remaining to charge",
                    "type": "integer"
                },
                "minsTillEmpty": {
                    "title": "Minstillempty",
                    "description": "Actual minutes remaining to charge",
                    "type": "integer"
                }
            }
        },
        "ba_basic_request": {
            "title": "ba_basic_request",
            "type": "object",
            "properties": {}
        },
        "ba_basic_response": {
            "title": "ba_basic_response",
            "type": "object",
            "properties": {
                "temp": {
                    "title": "Temp",
                    "description": "Module/Cells temperature for the given battery pack, as received by PROP_MODULE_STATUS_1",
                    "type": "integer"
                }
            }
        },
        "ei_rvc_request": {
            "title": "ei_rvc_request",
            "description": "State for advanced inverters with more control.\n\nApplies to:\n    - Victron with CerboGX\n    - XANTREX",
            "type": "object",
            "properties": {
                "onOff": {
                    "title": "Onoff",
                    "description": "Inverter on/off state",
                    "default": 0,
                    "enum": [0, 1],
                    "type": "integer"
                }
            }
        },
        "ei_rvc_response": {
            "title": "ei_rvc_response",
            "description": "State for advanced inverters with more control.\n\nApplies to:\n    - Victron with CerboGX\n    - XANTREX",
            "type": "object",
            "properties": {
                "onOff": {
                    "title": "Onoff",
                    "description": "Inverter on/off state",
                    "default": 0,
                    "enum": [0, 1],
                    "type": "integer"
                },
                "load": {
                    "title": "Load",
                    "description": "Load in watts on the output of the inverter.",
                    "default": 0,
                    "minimum": 0,
                    "type": "integer"
                },
                "overld": {
                    "title": "Overld",
                    "description": "Is the inverter currently in overload.",
                    "default": false,
                    "type": "boolean"
                },
                "overldTimer": {
                    "title": "Overldtimer",
                    "description": "Seconds since entering overload state",
                    "default": 0,
                    "type": "number"
                }
            }
        },
        "ic_rvc_request": {
            "title": "ic_rvc_request",
            "description": "State for advanced inverter/charger with more control.\n\nApplies to:\n    - XANTREX",
            "type": "object",
            "properties": {
                "brkSize": {
                    "title": "Brksize",
                    "description": "Breaker Size",
                    "default": 15,
                    "minimum": 5,
                    "maximum": 30,
                    "type": "integer"
                }
            }
        },
        "ic_rvc_response": {
            "title": "ic_rvc_response",
            "description": "State for advanced inverter/charger with more control.\n\nApplies to:\n    - XANTREX",
            "type": "object",
            "properties": {
                "brkSize": {
                    "title": "Brksize",
                    "description": "Breaker Size",
                    "default": 15,
                    "minimum": 5,
                    "maximum": 30,
                    "type": "integer"
                }
            }
        },
        "ec_basic_request": {
            "title": "ec_basic_request",
            "description": "State for power consumers",
            "type": "object",
            "properties": {}
        },
        "ec_basic_response": {
            "title": "ec_basic_response",
            "description": "State for power consumers",
            "type": "object",
            "properties": {
                "watts": {
                    "title": "Watts",
                    "description": "Consumption in watts",
                    "minimum": 0,
                    "type": "integer"
                },
                "current": {
                    "title": "Current",
                    "description": "Current in Amps",
                    "type": "integer"
                },
                "active": {
                    "title": "Active",
                    "description": "Is this power consumer currently active, this should drive if it is shown or not",
                    "default": false,
                    "type": "boolean"
                },
                "shed": {
                    "title": "Shed",
                    "description": "Is this consumer currently being shed",
                    "default": false,
                    "type": "boolean"
                }
            }
        },
        "es_solar_rvc_request": {
            "title": "es_solar_rvc_request",
            "type": "object",
            "properties": {
                "onOff": {
                    "title": "Onoff",
                    "description": "Is the power source enabled. Not many energy sources can be disabled",
                    "default": 0,
                    "enum": [0, 1],
                    "type": "integer"
                }
            }
        },
        "es_solar_rvc_response": {
            "title": "es_solar_rvc_response",
            "type": "object",
            "properties": {
                "onOff": {
                    "title": "Onoff",
                    "description": "Is the power source enabled. Not many energy sources can be disabled",
                    "default": 0,
                    "enum": [0, 1],
                    "type": "integer"
                },
                "active": {
                    "title": "Active",
                    "description": "Is the power source avtively providing power",
                    "default": false,
                    "type": "boolean"
                },
                "watts": {
                    "title": "Watts",
                    "description": "Power in watts provided to the system",
                    "minimum": 0,
                    "type": "integer"
                },
                "vltg": {
                    "title": "Vltg",
                    "description": "Voltage of the input source if known",
                    "type": "integer"
                },
                "cur": {
                    "title": "Cur",
                    "description": "Current of the input source if known",
                    "type": "integer"
                }
            }
        },
        "es_shore_rvc_request": {
            "title": "es_shore_rvc_request",
            "type": "object",
            "properties": {
                "onOff": {
                    "title": "Onoff",
                    "description": "Is the power source enabled. Not many energy sources can be disabled",
                    "default": 0,
                    "enum": [0, 1],
                    "type": "integer"
                }
            }
        },
        "es_shore_rvc_response": {
            "title": "es_shore_rvc_response",
            "type": "object",
            "properties": {
                "onOff": {
                    "title": "Onoff",
                    "description": "Is the power source enabled. Not many energy sources can be disabled",
                    "default": 0,
                    "enum": [0, 1],
                    "type": "integer"
                },
                "active": {
                    "title": "Active",
                    "description": "Is the power source avtively providing power",
                    "default": false,
                    "type": "boolean"
                },
                "watts": {
                    "title": "Watts",
                    "description": "Power in watts provided to the system",
                    "minimum": 0,
                    "type": "integer"
                },
                "vltg": {
                    "title": "Vltg",
                    "description": "Voltage of the input source if known",
                    "type": "integer"
                },
                "cur": {
                    "title": "Cur",
                    "description": "Current of the input source if known",
                    "type": "integer"
                }
            }
        },
        "es_alternator_rvc_request": {
            "title": "es_alternator_rvc_request",
            "type": "object",
            "properties": {
                "onOff": {
                    "title": "Onoff",
                    "description": "Is the power source enabled. Not many energy sources can be disabled",
                    "default": 0,
                    "enum": [0, 1],
                    "type": "integer"
                }
            }
        },
        "es_alternator_rvc_response": {
            "title": "es_alternator_rvc_response",
            "type": "object",
            "properties": {
                "onOff": {
                    "title": "Onoff",
                    "description": "Is the power source enabled. Not many energy sources can be disabled",
                    "default": 0,
                    "enum": [0, 1],
                    "type": "integer"
                },
                "active": {
                    "title": "Active",
                    "description": "Is the power source avtively providing power",
                    "default": false,
                    "type": "boolean"
                },
                "watts": {
                    "title": "Watts",
                    "description": "Power in watts provided to the system",
                    "minimum": 0,
                    "type": "integer"
                },
                "vltg": {
                    "title": "Vltg",
                    "description": "Voltage of the input source if known",
                    "type": "integer"
                },
                "cur": {
                    "title": "Cur",
                    "description": "Current of the input source if known",
                    "type": "integer"
                }
            }
        },
        "es_generator_src_request": {
            "title": "es_generator_src_request",
            "type": "object",
            "properties": {
                "onOff": {
                    "title": "Onoff",
                    "description": "Is the power source enabled. Not many energy sources can be disabled",
                    "default": 0,
                    "enum": [0, 1],
                    "type": "integer"
                }
            }
        },
        "es_generator_src_response": {
            "title": "es_generator_src_response",
            "type": "object",
            "properties": {
                "onOff": {
                    "title": "Onoff",
                    "description": "Is the power source enabled. Not many energy sources can be disabled",
                    "default": 0,
                    "enum": [0, 1],
                    "type": "integer"
                },
                "active": {
                    "title": "Active",
                    "description": "Is the power source avtively providing power",
                    "default": false,
                    "type": "boolean"
                },
                "watts": {
                    "title": "Watts",
                    "description": "Power in watts provided to the system",
                    "minimum": 0,
                    "type": "integer"
                },
                "vltg": {
                    "title": "Vltg",
                    "description": "Voltage of the input source if known",
                    "type": "integer"
                },
                "cur": {
                    "title": "Cur",
                    "description": "Current of the input source if known",
                    "type": "integer"
                }
            }
        },
        "ge_autostart_request": {
            "title": "ge_autostart_request",
            "type": "object",
            "properties": {
                "onOff": {
                    "title": "Onoff",
                    "description": "State for Auto Gen start",
                    "initial": 0,
                    "enum": [0, 1],
                    "type": "integer"
                },
                "setOnTrigger": {
                    "title": "Setontrigger",
                    "description": "SoC value for which Auto-Gen kicks in",
                    "initial": 15,
                    "type": "integer"
                },
                "setOffTrigger": {
                    "title": "Setofftrigger",
                    "description": "SoC value for which Auto-Gen stops",
                    "initial": 50,
                    "type": "integer"
                },
                "quietTimeOnOff": {
                    "title": "Quiettimeonoff",
                    "description": "SoC value for which Auto-Gen stops",
                    "initial": 0,
                    "enum": [0, 1],
                    "type": "integer"
                },
                "quietTimeStart": {
                    "title": "Quiettimestart",
                    "description": "When does quiet time start in the local time",
                    "eventID": 6607,
                    "initial": "09:00 PM",
                    "type": "string"
                },
                "quietTimeEnd": {
                    "title": "Quiettimeend",
                    "description": "When does quiet time end in the local time",
                    "eventID": 6608,
                    "initial": "09:00 AM",
                    "type": "string"
                },
                "lockouts": {
                    "title": "Lockouts",
                    "description": "List of lockouts present",
                    "default": [],
                    "type": "array",
                    "items": {
                        "type": "integer"
                    }
                },
                "warnings": {
                    "title": "Warnings",
                    "description": "List of warnings present, such as Low Fuel",
                    "default": [],
                    "type": "array",
                    "items": {
                        "type": "integer"
                    }
                }
            }
        },
        "ge_autostart_response": {
            "title": "ge_autostart_response",
            "type": "object",
            "properties": {
                "onOff": {
                    "title": "Onoff",
                    "description": "State for Auto Gen start",
                    "initial": 0,
                    "enum": [0, 1],
                    "type": "integer"
                },
                "setOnTrigger": {
                    "title": "Setontrigger",
                    "description": "SoC value for which Auto-Gen kicks in",
                    "initial": 15,
                    "type": "integer"
                },
                "setOffTrigger": {
                    "title": "Setofftrigger",
                    "description": "SoC value for which Auto-Gen stops",
                    "initial": 50,
                    "type": "integer"
                },
                "active": {
                    "title": "Active",
                    "description": "Is Gen Autostart currently active, did it turn on the generator. This is used for state transitions to better understand which rules apply",
                    "type": "boolean"
                },
                "quietTimeOnOff": {
                    "title": "Quiettimeonoff",
                    "description": "SoC value for which Auto-Gen stops",
                    "initial": 0,
                    "enum": [0, 1],
                    "type": "integer"
                },
                "quietTimeStart": {
                    "title": "Quiettimestart",
                    "description": "When does quiet time start in the local time",
                    "eventID": 6607,
                    "initial": "09:00 PM",
                    "type": "string"
                },
                "quietTimeEnd": {
                    "title": "Quiettimeend",
                    "description": "When does quiet time end in the local time",
                    "eventID": 6608,
                    "initial": "09:00 AM",
                    "type": "string"
                },
                "lockouts": {
                    "title": "Lockouts",
                    "description": "List of lockouts present",
                    "default": [],
                    "type": "array",
                    "items": {
                        "type": "integer"
                    }
                },
                "warnings": {
                    "title": "Warnings",
                    "description": "List of warnings present, such as Low Fuel",
                    "default": [],
                    "type": "array",
                    "items": {
                        "type": "integer"
                    }
                }
            }
        },
        "ft_basic_request": {
            "title": "ft_basic_request",
            "type": "object",
            "properties": {
                "disabled": {
                    "title": "Disabled",
                    "description": "Disables the tank readout. Main use LP tank if external tank is provided",
                    "default": false,
                    "type": "boolean"
                }
            }
        },
        "ft_basic_response": {
            "title": "ft_basic_response",
            "type": "object",
            "properties": {
                "lvl": {
                    "title": "Lvl",
                    "description": "Level of the tank in percent",
                    "type": "integer"
                },
                "disabled": {
                    "title": "Disabled",
                    "description": "Disables the tank readout. Main use LP tank if external tank is provided",
                    "default": false,
                    "type": "boolean"
                }
            }
        },
        "ge_propane_request": {
            "title": "ge_propane_request",
            "description": "State for generators",
            "type": "object",
            "properties": {
                "mode": {
                    "title": "Mode",
                    "description": "Stop, crank, prime or run the Generator",
                    "default": 0,
                    "enum": [0, 589, 537, 598, 600, 4000],
                    "type": "integer"
                },
                "lockouts": {
                    "title": "Lockouts",
                    "description": "List of lockouts present",
                    "default": [],
                    "type": "array",
                    "items": {
                        "type": "integer"
                    }
                },
                "warnings": {
                    "title": "Warnings",
                    "description": "List of warnings present, such as Low Fuel",
                    "default": [],
                    "type": "array",
                    "items": {
                        "type": "integer"
                    }
                }
            }
        },
        "ge_propane_response": {
            "title": "ge_propane_response",
            "description": "State for generators",
            "type": "object",
            "properties": {
                "mode": {
                    "title": "Mode",
                    "description": "Stop, crank, prime or run the Generator",
                    "default": 0,
                    "enum": [0, 589, 537, 598, 600, 4000],
                    "type": "integer"
                },
                "lockouts": {
                    "title": "Lockouts",
                    "description": "List of lockouts present",
                    "default": [],
                    "type": "array",
                    "items": {
                        "type": "integer"
                    }
                },
                "warnings": {
                    "title": "Warnings",
                    "description": "List of warnings present, such as Low Fuel",
                    "default": [],
                    "type": "array",
                    "items": {
                        "type": "integer"
                    }
                },
                "hours": {
                    "title": "Hours",
                    "description": "Hour meter, approximately to the 100th of an hour",
                    "default": 0,
                    "type": "number"
                }
            }
        },
        "ls_XM524_request": {
            "title": "ls_XM524_request",
            "description": "State for load shedding.",
            "type": "object",
            "properties": {}
        },
        "ls_XM524_response": {
            "title": "ls_XM524_response",
            "description": "State for load shedding.",
            "type": "object",
            "properties": {
                "enabled": {
                    "title": "Enabled",
                    "description": "Is load shedding algorithm enabled",
                    "default": true,
                    "eventID": null,
                    "type": "boolean"
                },
                "active": {
                    "title": "Active",
                    "description": "are we currently actively shedding",
                    "default": false,
                    "type": "boolean"
                },
                "lastShedTime": {
                    "title": "Lastshedtime",
                    "description": "Last time we did shed as seconds from epoch. Used to decide if the load is considered adjusted to the latest shed event.",
                    "type": "number"
                },
                "shedComps": {
                    "title": "Shedcomps",
                    "description": "Which components are shed at this time.",
                    "default": [],
                    "type": "array",
                    "items": {}
                }
            }
        },
        "ls_component_request": {
            "title": "ls_component_request",
            "description": "State for load shedder components/circuit.",
            "type": "object",
            "properties": {}
        },
        "ls_component_response": {
            "title": "ls_component_response",
            "description": "State for load shedder components/circuit.",
            "type": "object",
            "properties": {
                "active": {
                    "title": "Active",
                    "description": "are we currently actively shedding",
                    "default": false,
                    "type": "boolean"
                },
                "lastShedTime": {
                    "title": "Lastshedtime",
                    "description": "Last time we did shed as seconds from epoch. Used to decide if the load is considered adjusted to the latest shed event.",
                    "type": "number"
                },
                "lastClearTime": {
                    "title": "Lastcleartime",
                    "description": "Last time we cleared shedding.",
                    "type": "number"
                }
            }
        },
        "ls_circuit_request": {
            "title": "ls_circuit_request",
            "description": "State for load shedder components/circuit.",
            "type": "object",
            "properties": {}
        },
        "ls_circuit_response": {
            "title": "ls_circuit_response",
            "description": "State for load shedder components/circuit.",
            "type": "object",
            "properties": {
                "active": {
                    "title": "Active",
                    "description": "are we currently actively shedding",
                    "default": false,
                    "type": "boolean"
                },
                "lastShedTime": {
                    "title": "Lastshedtime",
                    "description": "Last time we did shed as seconds from epoch. Used to decide if the load is considered adjusted to the latest shed event.",
                    "type": "number"
                },
                "lastClearTime": {
                    "title": "Lastcleartime",
                    "description": "Last time we cleared shedding.",
                    "type": "number"
                }
            }
        }
    },
    "categories": {
        "energy": [
            {
                "instance": 1,
                "componentType": "bm",
                "attributes": {
                    "type": "LITHIONICS",
                    "description": "BMS",
                    "name": "Battery Management",
                    "controllable": "NF",
                    "nominalVoltage": "12.8V",
                    "minSoc": 10
                },
                "meta": {
                    "manufacturer": "Lithionics",
                    "model": "74-221-UL",
                    "part": ""
                },
                "relatedComponents": [
                    {
                        "category": "energy",
                        "componentType": "ba",
                        "instance": 1
                    }
                ],
                "state": {
                    "schema_request": "bm_basic_request",
                    "schema_response": "bm_basic_response",
                    "path": "energy.bm1",
                    "overrideMappings": {}
                }
            },
            {
                "instance": 1,
                "componentType": "ba",
                "attributes": {
                    "description": "Default battery pack",
                    "name": "LITHIONICS IONGEN",
                    "controllable": "NF",
                    "type": "LITHIONICS",
                    "cap": "320AH"
                },
                "meta": {
                    "manufacturer": "Lithionics",
                    "model": "74-221-UL",
                    "part": ""
                },
                "relatedComponents": [
                    {
                        "category": "energy",
                        "componentType": "bm",
                        "instance": 1
                    }
                ],
                "state": {
                    "schema_request": "ba_basic_request",
                    "schema_response": "ba_basic_response",
                    "path": "energy.ba1",
                    "overrideMappings": {}
                }
            },
            {
                "instance": 1,
                "componentType": "ei",
                "attributes": {
                    "description": "Inverter Component",
                    "name": "Inverter",
                    "controllable": "NF",
                    "type": "RVC",
                    "maxLoad": 2000
                },
                "meta": {
                    "manufacturer": "XANTREX",
                    "model": "Freedom XC Pro 2000",
                    "part": ""
                },
                "state": {
                    "schema_request": "ei_rvc_request",
                    "schema_response": "ei_rvc_response",
                    "path": "energy.ei1",
                    "overrideMappings": {}
                }
            },
            {
                "instance": 1,
                "componentType": "ic",
                "attributes": {
                    "description": "Charger in XANTREX",
                    "name": "Charger",
                    "controllable": "NF",
                    "defaultBreakerSizeA": 15,
                    "defaultChargeCurrentA": 100
                },
                "state": {
                    "schema_request": "ic_rvc_request",
                    "schema_response": "ic_rvc_response",
                    "path": "energy.ic1",
                    "overrideMappings": {}
                }
            },
            {
                "instance": 1,
                "componentType": "ec",
                "attributes": {
                    "description": "Energy Consumer for AC",
                    "name": "AC - Total",
                    "controllable": "NF",
                    "type": "AC",
                    "acc": "MEASURED"
                },
                "state": {
                    "schema_request": "ec_basic_request",
                    "schema_response": "ec_basic_response",
                    "path": "energy.ec1",
                    "overrideMappings": {}
                }
            },
            {
                "instance": 2,
                "componentType": "ec",
                "attributes": {
                    "description": "Energy Consumer for DC",
                    "name": "DC - Total",
                    "controllable": "NF",
                    "type": "DC",
                    "acc": "MEASURED"
                },
                "state": {
                    "schema_request": "ec_basic_request",
                    "schema_response": "ec_basic_response",
                    "path": "energy.ec2",
                    "overrideMappings": {}
                }
            },
            {
                "instance": 1,
                "componentType": "es",
                "attributes": {
                    "type": "SOLAR",
                    "name": "Solar",
                    "description": "Solar Controller Source"
                },
                "meta": {
                    "manufacturer": "XANTREX",
                    "model": "710-3024-01",
                    "part": ""
                },
                "state": {
                    "schema_request": "es_solar_rvc_request",
                    "schema_response": "es_solar_rvc_response",
                    "path": "energy.es1",
                    "overrideMappings": {}
                }
            },
            {
                "instance": 2,
                "componentType": "es",
                "attributes": {
                    "type": "SHORE",
                    "name": "Shore",
                    "description": "Shore Power Source"
                },
                "meta": {
                    "manufacturer": "",
                    "model": "",
                    "part": ""
                },
                "relatedComponents": [
                    {
                        "category": "energy",
                        "componentType": "es",
                        "instance": 4
                    }
                ],
                "state": {
                    "schema_request": "es_shore_rvc_request",
                    "schema_response": "es_shore_rvc_response",
                    "path": "energy.es2",
                    "overrideMappings": {}
                }
            },
            {
                "instance": 3,
                "componentType": "es",
                "attributes": {
                    "type": "ALTERNATOR",
                    "name": "Alternator",
                    "description": "Alternator Power Source"
                },
                "meta": {
                    "manufacturer": "",
                    "model": "",
                    "part": ""
                },
                "state": {
                    "schema_request": "es_alternator_rvc_request",
                    "schema_response": "es_alternator_rvc_response",
                    "path": "energy.es3",
                    "overrideMappings": {}
                }
            },
            {
                "instance": 4,
                "componentType": "es",
                "attributes": {
                    "type": "GENERATOR",
                    "description": "Generator Power Source",
                    "name": "Generator",
                    "controllable": "NF"
                },
                "meta": {
                    "manufacturer": "RVMP",
                    "model": "4000K LP/GAS",
                    "part": "N/A"
                },
                "relatedComponents": [
                    {
                        "category": "energy",
                        "componentType": "ge",
                        "instance": 1
                    },
                    {
                        "category": "energy",
                        "componentType": "es",
                        "instance": 2
                    }
                ],
                "filters": {
                    "optionCodes": "52D"
                },
                "state": {
                    "schema_request": "es_generator_src_request",
                    "schema_response": "es_generator_src_response",
                    "path": "energy.es4",
                    "overrideMappings": {}
                }
            },
            {
                "instance": 101,
                "componentType": "ge",
                "attributes": {
                    "lockoutStates": [
                        {
                            "eventValue": 580,
                            "triggerValue": true
                        }
                    ],
                    "description": "Component to handle auto gen start funtionality",
                    "name": "Auto Generator Start",
                    "controllable": "NF"
                },
                "meta": {
                    "manufacturer": "Winnebago",
                    "model": "Virtual Auto Gen Start V1",
                    "part": "N/A"
                },
                "relatedComponents": [
                    {
                        "category": "energy",
                        "componentType": "ge",
                        "instance": 1
                    },
                    {
                        "category": "energy",
                        "componentType": "es",
                        "instance": 2
                    },
                    {
                        "category": "energy",
                        "componentType": "bm",
                        "instance": 1
                    }
                ],
                "filters": {
                    "optionCodes": "52D"
                },
                "state": {
                    "schema_request": "ge_autostart_request",
                    "schema_response": "ge_autostart_response",
                    "path": "energy.ge101",
                    "overrideMappings": {}
                }
            },
            {
                "instance": 1,
                "componentType": "ft",
                "attributes": {
                    "description": "Liquid Propane",
                    "name": "Liquid Propane",
                    "controllable": "N",
                    "type": "LP",
                    "cap": 30,
                    "unit": "G"
                },
                "meta": {
                    "manufacturer": "",
                    "model": "",
                    "part": ""
                },
                "relatedComponents": [
                    {
                        "category": "energy",
                        "componentType": "ge",
                        "instance": 1
                    }
                ],
                "state": {
                    "schema_request": "ft_basic_request",
                    "schema_response": "ft_basic_response",
                    "path": "energy.ft1",
                    "overrideMappings": {}
                }
            },
            {
                "instance": 1,
                "componentType": "ge",
                "attributes": {
                    "fuelSource": "PROPANE",
                    "lockoutStates": [
                        {
                            "eventValue": 4003,
                            "triggerValue": true
                        },
                        {
                            "eventValue": 4002,
                            "triggerValue": true,
                            "timerBased": true,
                            "timerDefaultSecs": 300,
                            "default": false
                        }
                    ],
                    "warningStates": [
                        {
                            "eventValue": 599,
                            "triggerValue": true
                        }
                    ],
                    "description": "RVMP LP Generator",
                    "name": "Generator",
                    "controllable": "NF",
                    "circuitId": "4-13"
                },
                "meta": {
                    "manufacturer": "RVMP",
                    "model": "4000K LP/GAS",
                    "part": ""
                },
                "relatedComponents": [
                    {
                        "category": "energy",
                        "componentType": "ft",
                        "instance": 1
                    },
                    {
                        "category": "energy",
                        "componentType": "es",
                        "instance": 4
                    }
                ],
                "filters": {
                    "optionCodes": "52D"
                },
                "state": {
                    "schema_request": "ge_propane_request",
                    "schema_response": "ge_propane_response",
                    "path": "energy.ge1",
                    "overrideMappings": {}
                }
            },
            {
                "instance": 0,
                "componentType": "ls",
                "attributes": {
                    "description": "Load Shedding Virtual Component for 524 series",
                    "name": "Load Shedding - Main",
                    "controllable": "NF",
                    "sheddableDevices": "ac1, "
                },
                "relatedComponents": [],
                "state": {
                    "schema_request": "ls_XM524_request",
                    "schema_response": "ls_XM524_response",
                    "path": "energy.ls0",
                    "overrideMappings": {}
                }
            },
            {
                "instance": 1,
                "componentType": "ls",
                "attributes": {
                    "description": "Load Shedding for Air Conditioner",
                    "name": "Load Shedder - AC1",
                    "controllable": "NF",
                    "priority": 10,
                    "pwrRatingWatts": 1300
                },
                "relatedComponents": [
                    {
                        "category": "climate",
                        "componentType": "ac",
                        "instance": 1
                    },
                    {
                        "category": "climate",
                        "componentType": "ac",
                        "instance": 1
                    },
                    {
                        "category": "climate",
                        "componentType": "he",
                        "instance": 2
                    },
                    {
                        "category": "system",
                        "componentType": "lk",
                        "instance": 606
                    }
                ],
                "state": {
                    "schema_request": "ls_component_request",
                    "schema_response": "ls_component_response",
                    "path": "energy.ls1",
                    "overrideMappings": {}
                }
            },
            {
                "instance": 2,
                "componentType": "ls",
                "attributes": {
                    "description": "Load Shedding for Cooktop Relay / Relay NC",
                    "name": "Load Shedder - Cooktop",
                    "controllable": "NF",
                    "circuitId": 24,
                    "priority": 20,
                    "pwrRatingWatts": 1100
                },
                "relatedComponents": [
                    {
                        "category": "system",
                        "componentType": "lk",
                        "instance": 607
                    }
                ],
                "state": {
                    "schema_request": "ls_circuit_request",
                    "schema_response": "ls_circuit_response",
                    "path": "energy.ls2",
                    "overrideMappings": {}
                }
            },
            {
                "instance": 3,
                "componentType": "ls",
                "attributes": {
                    "description": "Load Shedding for Microwave Relay",
                    "name": "Load Shedder - Microwave",
                    "controllable": "NF",
                    "circuitId": 23,
                    "priority": 30,
                    "pwrRatingWatts": 800
                },
                "relatedComponents": [
                    {
                        "category": "system",
                        "componentType": "lk",
                        "instance": 608
                    }
                ],
                "state": {
                    "schema_request": "ls_circuit_request",
                    "schema_response": "ls_circuit_response",
                    "path": "energy.ls3",
                    "overrideMappings": {}
                }
            }
        ]
    },
    "category": "energy"
}
